Shipment_ID,Origin,Destination,Transport_Mode,Zone,Shipment_Volume_kg,Distance_km,Delivery_Time_days,Transportation_Cost_INR,On_Time
SHP10001,Hyderabad,Kochi,Rail,South,322,1439,6.78,2888.72,Yes
SHP10002,Mumbai,Delhi,Road,South,31,656,5.77,855.33,Yes
SHP10003,Chennai,Delhi,Road,West,337,215,3.0,1235.53,Yes
SHP10004,Hyderabad,Coimbatore,Air,East,99,1617,4.13,10170.85,No
SHP10005,Hyderabad,Kochi,Rail,East,235,2108,8.72,2745.95,No
SHP10006,Mumbai,Chennai,Road,South,358,1374,6.21,2666.58,Yes
SHP10007,Chennai,Coimbatore,Sea,South,283,778,8.39,834.92,Yes
SHP10008,Chennai,Hyderabad,Air,North,498,2093,5.62,13835.13,No
SHP10009,Hyderabad,Coimbatore,Sea,North,168,151,4.53,250.0,Yes
SHP10010,Bangalore,Bangalore,Rail,South,100,1465,7.43,2579.34,No
SHP10011,Hyderabad,Chennai,Rail,North,234,828,5.12,841.86,Yes
SHP10012,Hyderabad,Bangalore,Road,North,393,263,2.17,912.99,Yes
SHP10013,Hyderabad,Kochi,Sea,South,483,1161,9.3,991.84,Yes
SHP10014,Hyderabad,Pune,Air,South,217,1626,5.28,10473.96,No
SHP10015,Mumbai,Bangalore,Road,East,219,1745,6.15,4123.72,Yes
SHP10016,Chennai,Hyderabad,Road,South,44,641,5.54,1235.67,Yes
SHP10017,Mumbai,Coimbatore,Road,South,485,1383,7.34,2382.56,No
SHP10018,Mumbai,Pune,Air,West,108,1159,4.5,7408.35,No
SHP10019,Mumbai,Coimbatore,Sea,East,287,2189,12.01,2365.66,No
SHP10020,Hyderabad,Bangalore,Road,East,162,763,5.52,1875.96,Yes
SHP10021,Bangalore,Coimbatore,Rail,East,78,985,6.09,1816.41,Yes
SHP10022,Chennai,Kochi,Road,West,429,2001,5.08,4151.93,Yes
SHP10023,Bangalore,Pune,Sea,South,384,291,7.2,753.56,Yes
SHP10024,Mumbai,Kochi,Air,East,45,2093,3.78,13448.74,Yes
SHP10025,Mumbai,Bangalore,Air,East,66,51,3.65,250.0,Yes
SHP10026,Bangalore,Kochi,Road,North,307,1818,6.22,4169.76,Yes
SHP10027,Bangalore,Hyderabad,Road,East,285,1999,6.8,4250.98,No
SHP10028,Bangalore,Bangalore,Road,South,35,967,5.64,2034.46,Yes
SHP10029,Mumbai,Bangalore,Road,South,218,139,3.86,623.12,Yes
SHP10030,Mumbai,Bangalore,Air,North,420,1759,5.8,11355.14,No
SHP10031,Chennai,Chennai,Air,East,426,192,1.07,1543.88,Yes
SHP10032,Chennai,Coimbatore,Sea,East,301,155,7.43,315.14,Yes
SHP10033,Mumbai,Chennai,Sea,East,488,936,7.7,806.5,Yes
SHP10034,Bangalore,Chennai,Rail,West,105,477,3.91,347.65,Yes
SHP10035,Bangalore,Hyderabad,Air,East,269,1378,2.91,9076.61,Yes
SHP10036,Chennai,Pune,Sea,South,410,1945,9.96,1711.4,Yes
SHP10037,Mumbai,Coimbatore,Air,South,289,2044,4.12,13189.45,No
SHP10038,Chennai,Kochi,Road,West,354,366,3.47,1271.99,Yes
SHP10039,Chennai,Delhi,Road,West,136,2036,5.33,3781.2,Yes
SHP10040,Hyderabad,Bangalore,Road,East,26,684,4.57,1221.86,Yes
SHP10041,Hyderabad,Kochi,Sea,North,156,1975,8.53,2388.29,Yes
SHP10042,Hyderabad,Bangalore,Rail,West,390,2106,8.5,2874.97,No
SHP10043,Bangalore,Hyderabad,Road,West,195,1489,5.97,3133.85,Yes
SHP10044,Mumbai,Bangalore,Rail,East,347,602,3.97,1273.19,Yes
SHP10045,Mumbai,Chennai,Rail,East,334,765,5.37,1528.71,Yes
SHP10046,Mumbai,Coimbatore,Road,West,234,1337,4.9,2913.09,Yes
SHP10047,Mumbai,Delhi,Road,North,496,1763,6.63,3837.43,No
SHP10048,Hyderabad,Mumbai,Rail,West,101,1933,8.81,3198.83,No
SHP10049,Bangalore,Bangalore,Road,East,242,1157,3.5,3237.82,Yes
SHP10050,Bangalore,Kochi,Air,East,497,1391,3.66,9626.48,Yes
SHP10051,Hyderabad,Chennai,Road,West,391,160,3.69,621.97,Yes
SHP10052,Bangalore,Mumbai,Air,North,442,300,2.53,2021.67,Yes
SHP10053,Hyderabad,Delhi,Rail,West,421,2104,7.95,2927.75,No
SHP10054,Mumbai,Mumbai,Rail,West,462,508,4.53,1176.35,Yes
SHP10055,Hyderabad,Chennai,Air,East,122,1157,2.86,7441.65,Yes
SHP10056,Mumbai,Coimbatore,Road,North,292,257,3.2,1218.41,Yes
SHP10057,Mumbai,Coimbatore,Road,South,33,949,6.14,2253.04,Yes
SHP10058,Chennai,Pune,Road,North,178,71,3.73,250.0,Yes
SHP10059,Hyderabad,Coimbatore,Air,West,171,459,4.01,3410.76,No
SHP10060,Chennai,Pune,Rail,West,127,944,5.89,1019.92,Yes
SHP10061,Hyderabad,Mumbai,Rail,West,207,564,4.66,785.55,Yes
SHP10062,Hyderabad,Hyderabad,Road,North,320,858,3.41,2183.41,Yes
SHP10063,Chennai,Kochi,Road,East,117,923,3.22,2739.52,Yes
SHP10064,Chennai,Kochi,Road,West,150,63,2.11,1326.77,Yes
SHP10065,Hyderabad,Mumbai,Road,West,312,1020,5.44,2573.59,Yes
SHP10066,Bangalore,Bangalore,Rail,North,190,2184,8.37,3012.61,No
SHP10067,Mumbai,Bangalore,Road,South,443,1610,4.5,3956.9,Yes
SHP10068,Chennai,Coimbatore,Road,South,493,1374,6.61,3647.26,No
SHP10069,Mumbai,Kochi,Sea,East,202,1316,8.54,1240.1,Yes
SHP10070,Bangalore,Kochi,Road,East,490,799,4.98,2623.52,Yes
SHP10071,Bangalore,Pune,Road,West,383,734,6.34,1878.37,Yes
SHP10072,Bangalore,Hyderabad,Air,North,58,1977,5.34,12517.6,No
SHP10073,Chennai,Chennai,Road,West,34,744,4.48,1820.85,Yes
SHP10074,Bangalore,Bangalore,Rail,East,395,356,4.16,990.34,Yes
SHP10075,Chennai,Kochi,Air,North,23,2039,2.39,12965.27,Yes
SHP10076,Bangalore,Pune,Sea,North,368,711,7.37,656.12,Yes
SHP10077,Mumbai,Delhi,Road,East,489,598,4.31,1409.56,Yes
SHP10078,Mumbai,Pune,Sea,South,428,361,6.57,250.0,Yes
SHP10079,Hyderabad,Bangalore,Road,South,416,1132,5.21,2889.37,Yes
SHP10080,Mumbai,Bangalore,Road,North,229,1787,6.43,4235.75,Yes
SHP10081,Hyderabad,Pune,Road,West,180,804,4.61,2005.55,Yes
SHP10082,Mumbai,Chennai,Sea,South,35,84,6.48,685.87,Yes
SHP10083,Chennai,Mumbai,Road,West,445,494,4.53,1326.96,Yes
SHP10084,Mumbai,Bangalore,Road,South,127,2190,7.41,4958.62,No
SHP10085,Hyderabad,Pune,Rail,South,401,2032,6.54,2733.05,Yes
SHP10086,Hyderabad,Kochi,Road,West,469,1280,6.98,2902.12,No
SHP10087,Bangalore,Pune,Road,East,330,402,4.12,1415.26,Yes
SHP10088,Chennai,Hyderabad,Road,South,246,952,5.08,2507.13,Yes
SHP10089,Mumbai,Mumbai,Road,South,189,1405,6.47,3008.2,Yes
SHP10090,Bangalore,Delhi,Road,West,53,1798,6.6,3798.93,No
SHP10091,Mumbai,Chennai,Road,East,433,208,4.87,309.2,Yes
SHP10092,Mumbai,Coimbatore,Rail,South,270,2027,7.91,2848.1,No
SHP10093,Bangalore,Delhi,Road,South,266,1006,4.54,2606.74,Yes
SHP10094,Bangalore,Mumbai,Road,East,288,2121,7.22,4874.81,No
SHP10095,Bangalore,Mumbai,Air,South,160,453,0.95,3217.62,Yes
SHP10096,Bangalore,Mumbai,Road,East,293,565,4.58,1415.13,Yes
SHP10097,Bangalore,Delhi,Rail,East,435,1437,6.68,2279.1,Yes
SHP10098,Mumbai,Kochi,Road,West,115,1005,4.94,1970.88,Yes
SHP10099,Bangalore,Mumbai,Road,North,246,1762,6.18,4141.14,Yes
SHP10100,Chennai,Pune,Road,East,398,657,2.73,1869.58,Yes
SHP10101,Hyderabad,Delhi,Road,West,58,1323,5.09,3007.32,Yes
SHP10102,Bangalore,Coimbatore,Road,North,321,1585,6.13,3377.64,Yes
SHP10103,Bangalore,Mumbai,Road,South,48,1491,6.05,2410.25,Yes
SHP10104,Mumbai,Pune,Road,North,465,1847,5.41,4593.36,Yes
SHP10105,Bangalore,Kochi,Road,East,496,344,5.39,1030.62,Yes
SHP10106,Bangalore,Hyderabad,Road,East,337,804,3.97,1680.46,Yes
SHP10107,Bangalore,Kochi,Road,East,264,1444,6.79,3471.25,No
SHP10108,Mumbai,Coimbatore,Road,East,255,235,4.39,594.4,Yes
SHP10109,Bangalore,Mumbai,Road,East,204,1319,4.98,3334.7,Yes
SHP10110,Hyderabad,Coimbatore,Rail,West,291,686,7.33,1416.97,No
SHP10111,Mumbai,Delhi,Road,East,459,1341,4.47,3500.95,Yes
SHP10112,Hyderabad,Bangalore,Air,West,255,579,3.21,3391.25,Yes
SHP10113,Mumbai,Mumbai,Rail,South,258,2118,8.76,3518.73,No
SHP10114,Bangalore,Bangalore,Road,East,396,843,4.23,2180.83,Yes
SHP10115,Hyderabad,Pune,Air,East,285,2197,6.17,13895.34,No
SHP10116,Mumbai,Hyderabad,Sea,North,433,527,7.56,819.43,Yes
SHP10117,Chennai,Chennai,Road,South,428,1672,6.46,3283.07,Yes
SHP10118,Bangalore,Coimbatore,Road,East,378,989,5.38,2551.14,Yes
SHP10119,Mumbai,Kochi,Air,East,359,575,2.15,3583.76,Yes
SHP10120,Chennai,Hyderabad,Rail,South,408,51,5.39,250.0,Yes
SHP10121,Mumbai,Mumbai,Road,West,84,424,5.05,441.11,Yes
SHP10122,Chennai,Bangalore,Road,East,497,602,2.78,2139.44,Yes
SHP10123,Bangalore,Kochi,Road,North,196,1575,7.33,3215.74,No
SHP10124,Hyderabad,Bangalore,Road,East,22,1901,4.86,4544.29,Yes
SHP10125,Chennai,Delhi,Rail,North,448,430,6.19,700.93,Yes
SHP10126,Mumbai,Bangalore,Road,North,161,1696,7.34,3109.14,No
SHP10127,Bangalore,Delhi,Road,East,395,63,2.61,250.0,Yes
SHP10128,Chennai,Pune,Rail,East,177,553,4.94,1305.97,Yes
SHP10129,Mumbai,Kochi,Road,North,343,2058,5.66,4549.22,Yes
SHP10130,Mumbai,Kochi,Road,South,165,179,3.66,339.54,Yes
SHP10131,Mumbai,Chennai,Rail,South,465,887,5.56,1673.73,Yes
SHP10132,Chennai,Mumbai,Air,East,312,2090,5.4,13524.5,No
SHP10133,Chennai,Delhi,Road,West,172,77,5.03,699.42,Yes
SHP10134,Chennai,Chennai,Road,South,451,2163,8.32,5420.45,No
SHP10135,Hyderabad,Bangalore,Road,East,212,1302,5.04,2766.67,Yes
SHP10136,Chennai,Bangalore,Road,South,456,310,3.87,571.48,Yes
SHP10137,Chennai,Chennai,Road,West,482,2096,5.14,4684.9,Yes
SHP10138,Chennai,Kochi,Road,East,92,1522,5.14,3375.1,Yes
SHP10139,Hyderabad,Bangalore,Road,West,418,1497,6.87,3169.65,No
SHP10140,Chennai,Coimbatore,Road,East,324,509,6.0,1030.03,Yes
SHP10141,Mumbai,Pune,Road,West,396,350,2.9,1131.59,Yes
SHP10142,Chennai,Pune,Road,South,363,679,4.05,1701.51,Yes
SHP10143,Mumbai,Coimbatore,Road,South,471,319,4.06,984.4,Yes
SHP10144,Mumbai,Chennai,Road,West,159,2043,7.02,4140.71,No
SHP10145,Mumbai,Coimbatore,Road,West,206,1678,5.37,3628.87,Yes
SHP10146,Hyderabad,Delhi,Air,West,312,1851,4.67,11619.34,No
SHP10147,Hyderabad,Delhi,Rail,East,80,911,5.43,1595.48,Yes
SHP10148,Hyderabad,Chennai,Rail,South,446,1330,6.53,2507.74,Yes
SHP10149,Chennai,Coimbatore,Air,East,399,1849,4.79,11373.06,No
SHP10150,Mumbai,Delhi,Road,South,217,1756,6.31,3517.09,Yes
SHP10151,Hyderabad,Kochi,Road,North,314,625,4.13,1052.42,Yes
SHP10152,Hyderabad,Coimbatore,Road,East,459,2053,6.65,4498.68,No
SHP10153,Chennai,Kochi,Rail,South,338,1357,6.5,2094.02,Yes
SHP10154,Hyderabad,Delhi,Rail,South,321,2006,7.22,2427.89,No
SHP10155,Chennai,Pune,Road,East,363,2070,6.53,4303.11,No
SHP10156,Bangalore,Delhi,Road,East,30,1705,7.82,3256.78,No
SHP10157,Hyderabad,Kochi,Road,South,81,1629,6.67,3561.44,No
SHP10158,Bangalore,Hyderabad,Road,East,352,1897,6.22,4233.91,Yes
SHP10159,Chennai,Mumbai,Rail,West,245,1440,7.41,1915.31,No
SHP10160,Mumbai,Bangalore,Rail,East,172,1792,6.92,2593.35,Yes
SHP10161,Hyderabad,Coimbatore,Road,East,218,1975,7.81,4154.21,No
SHP10162,Chennai,Hyderabad,Sea,East,71,669,8.4,575.27,Yes
SHP10163,Mumbai,Delhi,Rail,South,279,1324,6.43,2647.9,Yes
SHP10164,Mumbai,Pune,Road,West,78,1006,5.6,2642.01,Yes
SHP10165,Bangalore,Chennai,Road,North,91,1989,5.09,3791.0,Yes
SHP10166,Chennai,Delhi,Road,North,167,1018,4.04,2544.04,Yes
SHP10167,Mumbai,Pune,Road,West,368,1366,4.51,3428.6,Yes
SHP10168,Hyderabad,Mumbai,Road,West,82,1093,5.42,1971.77,Yes
SHP10169,Hyderabad,Delhi,Road,West,329,331,5.84,1310.24,Yes
SHP10170,Bangalore,Kochi,Road,South,392,1108,7.54,3167.93,No
SHP10171,Mumbai,Chennai,Road,North,262,247,4.62,335.8,Yes
SHP10172,Chennai,Pune,Air,West,385,1132,3.64,7216.99,Yes
SHP10173,Hyderabad,Pune,Road,South,349,1234,3.7,3282.28,Yes
SHP10174,Mumbai,Pune,Road,North,126,1058,4.69,2424.36,Yes
SHP10175,Mumbai,Mumbai,Road,East,245,1279,4.78,3070.25,Yes
SHP10176,Bangalore,Delhi,Sea,South,332,1085,8.05,1329.94,Yes
SHP10177,Hyderabad,Mumbai,Road,North,237,539,4.26,1479.67,Yes
SHP10178,Hyderabad,Coimbatore,Road,South,444,325,3.63,502.91,Yes
SHP10179,Chennai,Bangalore,Sea,North,260,1289,7.0,1745.38,Yes
SHP10180,Hyderabad,Bangalore,Air,North,278,1324,4.18,8938.4,No
SHP10181,Chennai,Coimbatore,Air,East,395,175,0.6,1553.32,Yes
SHP10182,Hyderabad,Delhi,Road,South,281,266,4.25,732.63,Yes
SHP10183,Bangalore,Kochi,Road,West,24,1258,7.61,2126.35,No
SHP10184,Hyderabad,Mumbai,Rail,East,280,1296,5.57,2157.27,Yes
SHP10185,Chennai,Chennai,Sea,East,73,968,5.96,1163.55,Yes
SHP10186,Chennai,Pune,Rail,North,66,1367,6.32,1867.46,Yes
SHP10187,Bangalore,Pune,Rail,West,234,1711,8.23,2901.99,No
SHP10188,Hyderabad,Delhi,Road,South,196,357,6.11,797.83,Yes
SHP10189,Hyderabad,Kochi,Air,West,28,1409,2.34,8968.77,Yes
SHP10190,Bangalore,Bangalore,Road,West,118,2019,7.2,3984.17,No
SHP10191,Hyderabad,Bangalore,Road,West,39,941,4.58,2002.31,Yes
SHP10192,Hyderabad,Pune,Road,West,397,424,4.15,1198.51,Yes
SHP10193,Chennai,Delhi,Road,West,260,2083,9.45,4644.81,No
SHP10194,Hyderabad,Mumbai,Road,North,80,1414,4.27,2915.03,Yes
SHP10195,Hyderabad,Bangalore,Road,North,398,178,4.13,653.89,Yes
SHP10196,Bangalore,Mumbai,Rail,East,438,1064,6.6,2017.99,Yes
SHP10197,Bangalore,Kochi,Road,North,197,1849,7.53,3860.26,No
SHP10198,Mumbai,Bangalore,Rail,East,357,1431,6.8,1640.98,Yes
SHP10199,Chennai,Bangalore,Road,East,81,566,4.78,1875.68,Yes
SHP10200,Hyderabad,Hyderabad,Road,South,164,1568,5.62,3923.05,Yes
SHP10201,Hyderabad,Bangalore,Road,West,235,135,4.08,250.0,Yes
SHP10202,Mumbai,Coimbatore,Road,North,22,1248,5.18,2880.37,Yes
SHP10203,Hyderabad,Chennai,Road,South,179,1192,6.06,2470.09,Yes
SHP10204,Chennai,Coimbatore,Road,North,246,2043,6.37,4553.02,Yes
SHP10205,Mumbai,Delhi,Road,East,288,352,4.52,1060.53,Yes
SHP10206,Chennai,Delhi,Sea,North,139,637,7.95,599.2,Yes
SHP10207,Mumbai,Mumbai,Road,West,400,1036,6.32,2170.04,Yes
SHP10208,Mumbai,Coimbatore,Air,East,108,1913,4.29,11735.46,No
SHP10209,Bangalore,Coimbatore,Road,East,348,394,2.43,804.4,Yes
SHP10210,Chennai,Coimbatore,Rail,South,87,863,7.09,952.63,No
SHP10211,Hyderabad,Kochi,Air,West,417,2037,3.63,13231.02,Yes
SHP10212,Hyderabad,Bangalore,Rail,East,376,1360,5.94,1952.43,Yes
SHP10213,Chennai,Chennai,Road,West,117,2049,6.16,4643.56,Yes
SHP10214,Hyderabad,Mumbai,Road,North,286,1727,7.63,4373.65,No
SHP10215,Hyderabad,Coimbatore,Road,West,124,1377,3.58,2796.44,Yes
SHP10216,Chennai,Coimbatore,Sea,East,459,1142,11.89,1459.9,No
SHP10217,Mumbai,Hyderabad,Air,South,342,1059,4.09,7090.86,No
SHP10218,Chennai,Mumbai,Sea,East,142,753,8.38,957.44,Yes
SHP10219,Mumbai,Coimbatore,Road,West,495,624,4.51,1803.44,Yes
SHP10220,Hyderabad,Mumbai,Rail,West,48,1658,7.34,2535.59,No
SHP10221,Hyderabad,Bangalore,Sea,East,156,1162,9.31,1363.41,Yes
SHP10222,Hyderabad,Hyderabad,Road,West,214,737,5.38,1296.76,Yes
SHP10223,Bangalore,Mumbai,Road,North,428,538,4.98,1736.35,Yes
SHP10224,Mumbai,Chennai,Rail,East,245,1397,6.74,2385.25,Yes
SHP10225,Bangalore,Chennai,Rail,South,351,543,5.14,732.81,Yes
SHP10226,Bangalore,Delhi,Air,East,189,1717,3.89,10842.79,Yes
SHP10227,Chennai,Hyderabad,Road,North,28,1687,6.0,3800.03,Yes
SHP10228,Bangalore,Hyderabad,Air,North,482,68,2.64,1027.53,Yes
SHP10229,Chennai,Delhi,Road,North,59,1050,5.81,2624.1,Yes
SHP10230,Chennai,Mumbai,Road,North,44,900,2.04,2753.72,Yes
SHP10231,Bangalore,Hyderabad,Road,North,280,1438,6.47,2954.02,Yes
SHP10232,Mumbai,Chennai,Air,South,414,1404,3.75,8829.17,Yes
SHP10233,Mumbai,Chennai,Rail,West,462,1417,6.66,2358.09,Yes
SHP10234,Mumbai,Coimbatore,Road,North,245,871,4.55,2276.34,Yes
SHP10235,Mumbai,Bangalore,Road,North,491,504,5.5,1446.1,Yes
SHP10236,Mumbai,Hyderabad,Air,East,143,1674,4.92,11089.74,No
SHP10237,Bangalore,Mumbai,Road,South,482,760,4.0,1468.26,Yes
SHP10238,Bangalore,Delhi,Air,South,57,966,3.29,6311.15,Yes
SHP10239,Hyderabad,Delhi,Road,West,347,1546,5.01,3313.87,Yes
SHP10240,Mumbai,Mumbai,Road,South,270,1490,4.51,3950.53,Yes
SHP10241,Bangalore,Kochi,Road,East,408,354,3.52,1721.51,Yes
SHP10242,Hyderabad,Pune,Road,East,195,785,5.67,1510.63,Yes
SHP10243,Mumbai,Bangalore,Rail,West,109,2013,8.55,2623.53,No
SHP10244,Chennai,Delhi,Road,East,421,2199,7.5,5263.44,No
SHP10245,Hyderabad,Hyderabad,Road,North,473,2059,7.49,4565.51,No
SHP10246,Bangalore,Bangalore,Air,North,56,1011,3.47,6328.13,Yes
SHP10247,Chennai,Hyderabad,Road,East,335,1076,4.61,2575.21,Yes
SHP10248,Chennai,Kochi,Road,West,195,2182,7.39,4046.27,No
SHP10249,Chennai,Chennai,Sea,South,480,1523,10.14,1725.7,No
SHP10250,Hyderabad,Bangalore,Rail,West,303,1997,8.33,2663.23,No
SHP10251,Bangalore,Coimbatore,Road,South,472,1227,6.68,2833.86,No
SHP10252,Chennai,Delhi,Sea,East,480,714,8.81,1472.82,Yes
SHP10253,Mumbai,Bangalore,Rail,East,100,61,4.95,250.0,Yes
SHP10254,Chennai,Bangalore,Road,North,133,1206,6.53,2905.64,No
SHP10255,Chennai,Bangalore,Road,South,59,353,4.12,682.63,Yes
SHP10256,Hyderabad,Pune,Air,West,320,1813,3.31,11498.65,Yes
SHP10257,Hyderabad,Bangalore,Rail,East,243,92,4.48,579.24,Yes
SHP10258,Bangalore,Hyderabad,Road,West,337,993,4.38,2449.96,Yes
SHP10259,Mumbai,Chennai,Air,North,368,1399,2.88,9406.89,Yes
SHP10260,Hyderabad,Kochi,Air,South,134,940,2.7,6313.56,Yes
SHP10261,Chennai,Mumbai,Road,South,205,1054,4.43,2248.71,Yes
SHP10262,Bangalore,Bangalore,Road,East,342,70,3.4,250.0,Yes
SHP10263,Chennai,Delhi,Road,South,75,456,2.41,637.94,Yes
SHP10264,Chennai,Bangalore,Rail,East,59,1064,6.35,1201.76,Yes
SHP10265,Hyderabad,Delhi,Road,North,373,385,4.19,2088.18,Yes
SHP10266,Bangalore,Hyderabad,Rail,South,59,1888,6.59,3032.55,Yes
SHP10267,Mumbai,Delhi,Air,East,366,1197,3.9,7306.53,Yes
SHP10268,Mumbai,Coimbatore,Air,West,480,1877,5.23,11651.58,No
SHP10269,Hyderabad,Mumbai,Road,East,256,764,3.17,2020.43,Yes
SHP10270,Hyderabad,Chennai,Air,South,308,100,0.79,1130.38,Yes
SHP10271,Bangalore,Delhi,Road,North,281,373,3.4,1209.11,Yes
SHP10272,Mumbai,Delhi,Air,South,235,838,1.75,5384.13,Yes
SHP10273,Mumbai,Chennai,Road,South,166,190,4.72,482.09,Yes
SHP10274,Mumbai,Mumbai,Road,East,355,519,4.2,1546.86,Yes
SHP10275,Chennai,Bangalore,Air,West,187,836,2.42,5394.99,Yes
SHP10276,Mumbai,Delhi,Road,South,111,1875,4.48,3258.31,Yes
SHP10277,Chennai,Chennai,Road,West,372,1407,6.4,3241.37,Yes
SHP10278,Bangalore,Coimbatore,Rail,East,78,1966,6.29,2421.76,Yes
SHP10279,Chennai,Coimbatore,Rail,West,78,1013,6.12,1505.1,Yes
SHP10280,Bangalore,Hyderabad,Rail,East,323,422,5.43,1827.34,Yes
SHP10281,Mumbai,Chennai,Rail,North,188,1742,8.54,2628.98,No
SHP10282,Mumbai,Hyderabad,Road,West,288,1229,4.18,2682.46,Yes
SHP10283,Bangalore,Coimbatore,Road,West,382,1721,3.23,4281.71,Yes
SHP10284,Hyderabad,Mumbai,Road,North,64,155,4.02,558.01,Yes
SHP10285,Bangalore,Bangalore,Road,West,364,1493,7.7,3548.91,No
SHP10286,Hyderabad,Chennai,Sea,North,200,1731,10.9,1977.23,No
SHP10287,Chennai,Kochi,Rail,South,189,51,4.79,923.08,Yes
SHP10288,Chennai,Coimbatore,Road,East,375,2187,6.47,4513.21,Yes
SHP10289,Chennai,Coimbatore,Road,North,210,399,5.02,1173.14,Yes
SHP10290,Mumbai,Kochi,Sea,West,174,1336,8.08,1063.39,Yes
SHP10291,Chennai,Pune,Road,North,441,1112,5.79,2908.48,Yes
SHP10292,Hyderabad,Coimbatore,Rail,West,207,494,5.77,503.88,Yes
SHP10293,Chennai,Delhi,Road,South,26,1001,6.2,1973.73,Yes
SHP10294,Bangalore,Mumbai,Rail,North,152,85,7.39,250.0,No
SHP10295,Bangalore,Chennai,Road,South,254,1157,5.77,2954.4,Yes
SHP10296,Mumbai,Kochi,Air,East,64,1525,3.24,9846.57,Yes
SHP10297,Bangalore,Delhi,Sea,West,333,1848,9.82,1536.22,Yes
SHP10298,Hyderabad,Kochi,Rail,West,268,1895,5.65,2803.14,Yes
SHP10299,Chennai,Chennai,Rail,South,50,1458,6.05,1761.37,Yes
SHP10300,Mumbai,Hyderabad,Sea,East,42,1245,8.51,761.95,Yes
SHP10301,Chennai,Chennai,Rail,North,445,1449,6.21,2302.79,Yes
SHP10302,Chennai,Pune,Road,North,413,1758,6.46,3955.62,Yes
SHP10303,Hyderabad,Chennai,Rail,West,179,1435,5.89,2905.52,Yes
SHP10304,Bangalore,Chennai,Rail,South,382,1350,7.7,2315.86,No
SHP10305,Bangalore,Pune,Road,South,456,1293,5.59,2614.2,Yes
SHP10306,Chennai,Mumbai,Rail,North,177,570,5.37,690.32,Yes
SHP10307,Mumbai,Coimbatore,Sea,East,58,1856,9.53,2152.78,Yes
SHP10308,Bangalore,Chennai,Sea,East,434,59,7.25,1030.03,Yes
SHP10309,Mumbai,Pune,Road,North,101,1033,6.01,1684.87,Yes
SHP10310,Bangalore,Delhi,Road,North,375,1706,5.36,3292.3,Yes
SHP10311,Mumbai,Hyderabad,Sea,South,277,1710,8.97,2459.49,Yes
SHP10312,Hyderabad,Hyderabad,Air,East,225,769,2.28,5201.45,Yes
SHP10313,Mumbai,Chennai,Road,North,96,1122,3.98,2129.71,Yes
SHP10314,Hyderabad,Mumbai,Sea,North,496,908,7.58,1318.51,Yes
SHP10315,Hyderabad,Mumbai,Air,West,31,1366,3.03,7587.35,Yes
SHP10316,Mumbai,Delhi,Road,North,314,1653,7.02,3735.1,No
SHP10317,Hyderabad,Chennai,Rail,North,469,99,4.91,559.06,Yes
SHP10318,Chennai,Hyderabad,Road,East,243,195,4.09,933.35,Yes
SHP10319,Hyderabad,Mumbai,Road,South,32,964,5.93,1699.31,Yes
SHP10320,Bangalore,Chennai,Road,East,65,1512,5.79,3257.54,Yes
SHP10321,Mumbai,Kochi,Air,South,174,630,2.76,3754.02,Yes
SHP10322,Chennai,Mumbai,Road,West,132,1634,6.01,3642.63,Yes
SHP10323,Mumbai,Pune,Road,North,252,532,4.68,983.38,Yes
SHP10324,Bangalore,Kochi,Road,West,36,1299,5.02,2611.46,Yes
SHP10325,Bangalore,Coimbatore,Road,South,379,722,2.27,1432.7,Yes
SHP10326,Bangalore,Mumbai,Sea,East,242,680,7.91,1000.16,Yes
SHP10327,Hyderabad,Hyderabad,Road,East,373,711,6.12,2133.89,Yes
SHP10328,Hyderabad,Bangalore,Road,West,207,1037,6.12,2266.77,Yes
SHP10329,Mumbai,Kochi,Rail,South,467,1596,7.92,2501.31,No
SHP10330,Mumbai,Coimbatore,Road,West,363,699,5.91,1307.93,Yes
SHP10331,Chennai,Delhi,Road,West,384,1018,5.25,2400.27,Yes
SHP10332,Chennai,Delhi,Road,North,182,1150,5.57,2570.95,Yes
SHP10333,Mumbai,Hyderabad,Road,West,345,490,3.74,2196.74,Yes
SHP10334,Hyderabad,Mumbai,Road,North,486,970,4.78,2037.8,Yes
SHP10335,Bangalore,Chennai,Road,North,433,819,5.48,2663.02,Yes
SHP10336,Mumbai,Mumbai,Road,East,474,1393,6.95,3709.3,No
SHP10337,Chennai,Hyderabad,Sea,North,93,1876,9.75,1921.97,Yes
SHP10338,Hyderabad,Delhi,Road,North,252,312,3.63,1437.91,Yes
SHP10339,Mumbai,Mumbai,Rail,East,243,1627,7.0,2522.79,No
SHP10340,Mumbai,Delhi,Rail,West,338,1048,6.71,1877.96,Yes
SHP10341,Hyderabad,Kochi,Road,South,431,749,3.31,1913.73,Yes
SHP10342,Mumbai,Coimbatore,Rail,South,79,1653,4.75,2724.52,Yes
SHP10343,Hyderabad,Chennai,Road,South,354,1291,5.04,3334.87,Yes
SHP10344,Bangalore,Kochi,Sea,West,241,1175,7.59,1042.48,Yes
SHP10345,Hyderabad,Delhi,Road,North,56,1240,5.0,2194.68,Yes
SHP10346,Hyderabad,Delhi,Road,South,496,1055,5.08,2529.82,Yes
SHP10347,Hyderabad,Bangalore,Road,West,297,85,3.28,250.0,Yes
SHP10348,Mumbai,Bangalore,Sea,North,215,793,9.67,877.04,Yes
SHP10349,Mumbai,Kochi,Road,East,423,1814,6.72,4544.25,No
SHP10350,Hyderabad,Pune,Rail,South,371,402,5.42,689.98,Yes
SHP10351,Mumbai,Kochi,Road,North,261,1972,7.26,4320.23,No
SHP10352,Chennai,Bangalore,Rail,South,343,122,3.55,502.43,Yes
SHP10353,Chennai,Delhi,Road,South,238,1426,6.83,3493.36,No
SHP10354,Mumbai,Hyderabad,Air,South,211,1964,4.35,11665.25,No
SHP10355,Mumbai,Kochi,Road,North,36,1143,6.03,2221.34,Yes
SHP10356,Hyderabad,Delhi,Road,West,31,757,3.69,1687.91,Yes
SHP10357,Bangalore,Hyderabad,Road,North,425,1854,4.9,4725.44,Yes
SHP10358,Mumbai,Hyderabad,Road,South,420,1005,5.96,2287.73,Yes
SHP10359,Chennai,Bangalore,Rail,North,413,209,5.2,250.0,Yes
SHP10360,Hyderabad,Kochi,Road,East,393,1785,5.44,4315.37,Yes
SHP10361,Mumbai,Mumbai,Air,West,212,1635,3.05,10208.96,Yes
SHP10362,Chennai,Chennai,Road,North,41,116,4.9,250.0,Yes
SHP10363,Chennai,Bangalore,Road,East,493,107,2.58,473.83,Yes
SHP10364,Bangalore,Bangalore,Road,West,139,391,5.84,890.82,Yes
SHP10365,Hyderabad,Mumbai,Road,East,229,1203,4.55,2484.03,Yes
SHP10366,Hyderabad,Chennai,Rail,West,325,1245,7.05,1231.87,No
SHP10367,Bangalore,Delhi,Road,North,289,1282,5.24,3205.77,Yes
SHP10368,Bangalore,Pune,Road,East,211,1544,6.58,3838.99,No
SHP10369,Hyderabad,Kochi,Air,South,194,1871,3.73,12033.77,Yes
SHP10370,Hyderabad,Pune,Sea,East,304,165,7.09,250.0,Yes
SHP10371,Mumbai,Delhi,Road,West,223,711,4.73,1617.82,Yes
SHP10372,Mumbai,Coimbatore,Road,North,183,1515,4.93,3306.36,Yes
SHP10373,Bangalore,Bangalore,Rail,West,270,1918,8.19,3014.48,No
SHP10374,Mumbai,Chennai,Road,East,246,1066,4.73,2684.45,Yes
SHP10375,Chennai,Bangalore,Road,East,455,360,3.93,803.91,Yes
SHP10376,Mumbai,Hyderabad,Road,South,400,257,3.0,951.47,Yes
SHP10377,Mumbai,Bangalore,Rail,North,479,682,2.99,1525.88,Yes
SHP10378,Chennai,Bangalore,Rail,North,26,2152,7.62,3436.11,No
SHP10379,Bangalore,Delhi,Road,East,48,706,7.1,1776.61,No
SHP10380,Chennai,Delhi,Road,North,414,1473,6.65,3696.69,No
SHP10381,Mumbai,Delhi,Road,South,52,1981,6.63,4241.14,No
SHP10382,Bangalore,Pune,Rail,West,153,1729,6.9,2962.52,Yes
SHP10383,Mumbai,Hyderabad,Road,North,386,286,4.06,1079.25,Yes
SHP10384,Chennai,Coimbatore,Road,East,98,397,4.76,600.89,Yes
SHP10385,Chennai,Coimbatore,Air,West,435,679,1.26,5325.74,Yes
SHP10386,Mumbai,Delhi,Road,West,454,1590,7.16,3943.7,No
SHP10387,Hyderabad,Chennai,Rail,South,478,2053,8.37,2950.32,No
SHP10388,Hyderabad,Pune,Road,East,77,1321,6.35,2655.91,Yes
SHP10389,Chennai,Mumbai,Road,North,490,413,4.67,1383.44,Yes
SHP10390,Chennai,Chennai,Road,East,45,335,4.14,902.96,Yes
SHP10391,Hyderabad,Kochi,Rail,West,449,198,5.48,739.99,Yes
SHP10392,Hyderabad,Kochi,Air,East,245,1157,3.77,7635.34,Yes
SHP10393,Mumbai,Chennai,Air,North,304,505,1.82,4030.86,Yes
SHP10394,Mumbai,Delhi,Road,North,23,1816,5.82,4209.42,Yes
SHP10395,Hyderabad,Mumbai,Rail,South,484,849,5.91,1555.29,Yes
SHP10396,Mumbai,Mumbai,Road,North,118,1234,7.05,3032.83,No
SHP10397,Mumbai,Pune,Road,North,416,1062,3.99,2257.72,Yes
SHP10398,Bangalore,Mumbai,Air,East,58,1573,2.35,9964.49,Yes
SHP10399,Mumbai,Kochi,Road,East,290,530,4.58,2006.01,Yes
SHP10400,Chennai,Hyderabad,Road,West,394,1736,6.32,3866.03,Yes
SHP10401,Mumbai,Delhi,Road,South,304,1651,6.31,3416.55,Yes
SHP10402,Mumbai,Mumbai,Road,East,176,390,4.44,755.47,Yes
SHP10403,Hyderabad,Pune,Road,North,94,2060,6.55,4020.33,No
SHP10404,Chennai,Kochi,Rail,West,391,1916,8.94,2612.54,No
SHP10405,Mumbai,Hyderabad,Road,East,307,884,3.36,1977.82,Yes
SHP10406,Mumbai,Bangalore,Air,South,149,1253,2.5,7486.33,Yes
SHP10407,Bangalore,Bangalore,Air,South,194,1775,4.03,11231.82,No
SHP10408,Mumbai,Hyderabad,Road,West,481,1739,4.63,4305.63,Yes
SHP10409,Mumbai,Kochi,Road,West,103,360,3.98,530.61,Yes
SHP10410,Bangalore,Pune,Road,West,41,311,5.74,1223.28,Yes
SHP10411,Hyderabad,Hyderabad,Rail,West,478,1492,6.82,2516.21,Yes
SHP10412,Mumbai,Delhi,Road,West,46,455,4.53,1349.62,Yes
SHP10413,Bangalore,Delhi,Rail,North,214,391,3.84,445.51,Yes
SHP10414,Chennai,Bangalore,Road,North,356,1389,5.12,3488.42,Yes
SHP10415,Hyderabad,Mumbai,Rail,East,401,293,4.58,335.03,Yes
SHP10416,Chennai,Pune,Road,South,255,539,4.11,1675.43,Yes
SHP10417,Chennai,Bangalore,Road,North,459,61,4.98,589.6,Yes
SHP10418,Bangalore,Mumbai,Sea,North,111,610,8.5,839.04,Yes
SHP10419,Mumbai,Mumbai,Air,North,496,91,0.5,723.28,Yes
SHP10420,Bangalore,Coimbatore,Road,East,40,643,4.84,1074.74,Yes
SHP10421,Bangalore,Delhi,Air,West,322,1502,4.21,9912.5,No
SHP10422,Bangalore,Kochi,Road,East,483,1876,7.63,4087.04,No
SHP10423,Bangalore,Chennai,Air,South,376,1743,5.66,11458.44,No
SHP10424,Hyderabad,Kochi,Air,South,462,183,0.67,1131.12,Yes
SHP10425,Mumbai,Chennai,Road,South,103,997,4.32,2481.55,Yes
SHP10426,Chennai,Hyderabad,Road,South,281,122,2.53,250.0,Yes
SHP10427,Chennai,Delhi,Road,North,166,448,4.06,1281.36,Yes
SHP10428,Mumbai,Mumbai,Road,North,460,1478,6.34,3628.7,Yes
SHP10429,Chennai,Pune,Rail,East,472,179,5.76,329.58,Yes
SHP10430,Mumbai,Chennai,Road,West,406,1861,6.39,4496.72,Yes
SHP10431,Chennai,Kochi,Road,South,276,2051,6.44,4597.47,Yes
SHP10432,Bangalore,Mumbai,Air,East,77,315,2.04,1873.13,Yes
SHP10433,Chennai,Chennai,Sea,North,399,1610,8.64,1379.65,Yes
SHP10434,Mumbai,Chennai,Road,North,441,2035,8.82,3970.88,No
SHP10435,Mumbai,Coimbatore,Road,West,34,842,3.29,1920.83,Yes
SHP10436,Mumbai,Chennai,Road,West,181,1362,5.88,2461.76,Yes
SHP10437,Mumbai,Pune,Road,West,464,213,5.95,828.63,Yes
SHP10438,Mumbai,Delhi,Sea,East,182,144,7.23,250.0,Yes
SHP10439,Hyderabad,Pune,Road,North,339,1855,6.26,4354.21,Yes
SHP10440,Hyderabad,Bangalore,Rail,North,300,1183,5.96,1716.16,Yes
SHP10441,Chennai,Mumbai,Road,West,299,871,4.76,1975.46,Yes
SHP10442,Mumbai,Delhi,Rail,South,31,287,6.31,673.92,Yes
SHP10443,Chennai,Coimbatore,Rail,West,293,2010,5.38,3110.18,Yes
SHP10444,Mumbai,Delhi,Air,East,290,1098,4.62,7316.62,No
SHP10445,Mumbai,Delhi,Road,West,227,1726,4.83,3998.56,Yes
SHP10446,Hyderabad,Kochi,Road,West,46,1013,4.89,1630.3,Yes
SHP10447,Hyderabad,Delhi,Road,East,91,586,4.07,1562.24,Yes
SHP10448,Bangalore,Coimbatore,Sea,West,79,1653,10.13,1837.21,No
SHP10449,Hyderabad,Pune,Air,North,449,2029,2.92,12817.63,Yes
SHP10450,Bangalore,Delhi,Rail,South,492,177,5.23,567.67,Yes
SHP10451,Bangalore,Hyderabad,Rail,West,164,141,6.74,288.11,Yes
SHP10452,Bangalore,Mumbai,Rail,East,112,592,4.05,841.83,Yes
SHP10453,Bangalore,Delhi,Road,South,328,895,5.17,2260.63,Yes
SHP10454,Bangalore,Mumbai,Sea,East,27,1731,9.0,2163.09,Yes
SHP10455,Chennai,Hyderabad,Road,South,98,1901,6.95,4452.72,No
SHP10456,Hyderabad,Hyderabad,Road,South,46,439,4.29,498.36,Yes
SHP10457,Bangalore,Mumbai,Road,West,193,1934,5.93,4470.51,Yes
SHP10458,Mumbai,Chennai,Road,North,69,92,4.23,705.24,Yes
SHP10459,Hyderabad,Bangalore,Road,West,218,303,5.87,944.36,Yes
SHP10460,Hyderabad,Kochi,Rail,East,406,1133,6.05,2177.38,Yes
SHP10461,Bangalore,Chennai,Road,East,368,1590,6.77,4376.84,No
SHP10462,Chennai,Chennai,Rail,South,467,2003,6.29,3515.58,Yes
SHP10463,Bangalore,Pune,Road,South,447,691,3.71,1869.5,Yes
SHP10464,Chennai,Kochi,Road,North,200,739,5.21,2107.48,Yes
SHP10465,Mumbai,Kochi,Road,West,43,1326,7.12,2867.35,No
SHP10466,Hyderabad,Chennai,Road,East,335,2000,7.03,4532.6,No
SHP10467,Mumbai,Delhi,Rail,South,397,1129,5.92,1762.99,Yes
SHP10468,Chennai,Pune,Road,North,406,1536,5.96,4150.28,Yes
SHP10469,Chennai,Pune,Rail,East,423,506,4.03,670.11,Yes
SHP10470,Mumbai,Hyderabad,Road,South,65,1032,5.79,2767.66,Yes
SHP10471,Chennai,Coimbatore,Rail,East,34,2180,8.74,3148.61,No
SHP10472,Mumbai,Kochi,Sea,North,172,1172,8.35,712.3,Yes
SHP10473,Hyderabad,Chennai,Rail,North,241,198,4.33,622.18,Yes
SHP10474,Mumbai,Hyderabad,Road,East,225,1402,6.02,2375.99,Yes
SHP10475,Hyderabad,Mumbai,Road,West,474,1229,5.05,3252.11,Yes
SHP10476,Mumbai,Bangalore,Road,East,292,239,3.9,1010.45,Yes
SHP10477,Chennai,Coimbatore,Rail,South,401,932,8.03,1409.1,No
SHP10478,Mumbai,Coimbatore,Road,West,255,449,4.04,1198.98,Yes
SHP10479,Chennai,Coimbatore,Road,South,359,658,4.25,2307.99,Yes
SHP10480,Mumbai,Pune,Rail,East,247,1845,6.69,2493.33,Yes
SHP10481,Mumbai,Mumbai,Road,West,28,1688,6.94,3192.23,No
SHP10482,Bangalore,Coimbatore,Air,South,185,1625,3.72,10818.01,Yes
SHP10483,Chennai,Mumbai,Road,East,451,2198,6.33,5640.26,Yes
SHP10484,Bangalore,Delhi,Road,East,463,1432,7.12,3404.55,No
SHP10485,Chennai,Coimbatore,Rail,West,338,1453,8.15,2568.05,No
SHP10486,Bangalore,Bangalore,Road,East,233,869,4.34,2468.69,Yes
SHP10487,Hyderabad,Mumbai,Rail,North,136,869,3.97,1036.71,Yes
SHP10488,Mumbai,Mumbai,Road,South,405,469,5.33,1081.26,Yes
SHP10489,Chennai,Bangalore,Road,South,363,173,3.18,1144.42,Yes
SHP10490,Chennai,Coimbatore,Air,East,91,471,2.92,3639.2,Yes
SHP10491,Mumbai,Bangalore,Air,East,414,1558,1.83,10403.34,Yes
SHP10492,Chennai,Mumbai,Rail,North,83,1647,7.93,1986.36,No
SHP10493,Chennai,Bangalore,Road,West,224,817,3.65,2626.49,Yes
SHP10494,Bangalore,Mumbai,Rail,East,228,2094,8.45,2802.19,No
SHP10495,Chennai,Mumbai,Road,East,91,2189,6.98,4540.43,No
SHP10496,Hyderabad,Delhi,Road,East,296,1599,5.11,3692.68,Yes
SHP10497,Hyderabad,Chennai,Sea,East,293,1814,9.38,2453.8,Yes
SHP10498,Mumbai,Mumbai,Road,South,497,2094,7.51,5020.57,No
SHP10499,Chennai,Coimbatore,Sea,East,339,559,7.97,874.31,Yes
SHP10500,Mumbai,Hyderabad,Road,South,357,1256,6.12,3156.16,Yes
