Shipment_ID,Origin,Destination,Transport_Mode,Distance_km,Shipment_Volume_kg,Traffic_Level,Weather,Priority,Warehouse_Delay_hours,Transportation_Cost_INR,Delivery_Time_days
SHP20001,Bangalore,Coimbatore,Road,427,72,6,Clear,Standard,1.77,1418.89,7.08
SHP20002,Chennai,Hyderabad,Sea,168,427,1,Rain,Standard,2.46,501.0,10.49
SHP20003,Mumbai,Hyderabad,Rail,239,354,5,Clear,Standard,0.13,443.41,6.44
SHP20004,Bangalore,Pune,Rail,419,41,9,Clear,Urgent,0.24,1068.32,5.37
SHP20005,Chennai,Chennai,Road,1851,49,5,Clear,Standard,1.8,4042.64,8.08
SHP20006,Hyderabad,Bangalore,Road,701,210,6,Rain,Standard,0.7,1719.68,6.24
SHP20007,Delhi,Chennai,Road,1932,279,8,Clear,Standard,0.46,4800.05,7.21
SHP20008,Chennai,Delhi,Air,1561,224,1,Rain,Standard,0.1,9504.06,5.3
SHP20009,Hyderabad,Bangalore,Rail,819,78,2,Clear,Urgent,0.05,1162.65,4.71
SHP20010,Chennai,Kochi,Rail,830,490,9,Clear,Standard,1.94,2027.16,9.57
SHP20011,Delhi,Kochi,Road,1766,283,3,Clear,Standard,0.34,3910.89,6.43
SHP20012,Delhi,Coimbatore,Sea,1361,485,6,Storm,Standard,1.17,1355.54,12.85
SHP20013,Bangalore,Kochi,Air,1299,31,5,Rain,Standard,1.51,8050.6,5.73
SHP20014,Mumbai,Hyderabad,Road,572,138,2,Storm,Standard,1.07,1234.6,7.4
SHP20015,Chennai,Chennai,Road,571,434,7,Clear,Standard,0.07,1991.85,4.83
SHP20016,Chennai,Kochi,Road,832,481,4,Clear,Standard,1.96,2274.7,7.95
SHP20017,Hyderabad,Mumbai,Road,985,309,1,Rain,Standard,0.03,2306.73,5.68
SHP20018,Delhi,Pune,Road,1738,357,4,Clear,Standard,1.9,3675.24,7.65
SHP20019,Chennai,Mumbai,Road,537,267,6,Rain,Standard,2.23,1466.79,8.18
SHP20020,Delhi,Kochi,Road,1900,373,7,Storm,Standard,1.08,4623.23,9.66
SHP20021,Chennai,Coimbatore,Rail,895,146,7,Rain,Standard,1.34,1345.77,7.93
SHP20022,Bangalore,Pune,Road,2053,94,7,Rain,Standard,1.19,4427.46,8.98
SHP20023,Mumbai,Delhi,Road,1798,380,3,Clear,Standard,0.97,3808.89,8.0
SHP20024,Chennai,Mumbai,Road,735,223,6,Clear,Standard,2.22,1584.74,8.01
SHP20025,Delhi,Coimbatore,Road,1617,68,8,Storm,Urgent,2.23,3553.99,9.39
SHP20026,Bangalore,Chennai,Air,1295,98,4,Clear,Standard,0.84,8066.15,4.59
SHP20027,Chennai,Chennai,Road,88,460,8,Rain,Standard,1.54,1368.47,7.01
SHP20028,Hyderabad,Mumbai,Road,829,498,2,Rain,Standard,2.32,2062.33,8.97
SHP20029,Mumbai,Kochi,Rail,1306,260,10,Clear,Standard,2.41,2269.26,9.9
SHP20030,Chennai,Coimbatore,Road,1977,368,9,Storm,Standard,1.27,4287.68,10.05
SHP20031,Bangalore,Chennai,Rail,351,173,9,Clear,Standard,1.13,1080.06,7.0
SHP20032,Hyderabad,Delhi,Road,696,293,8,Clear,Standard,0.7,2035.22,5.27
SHP20033,Bangalore,Bangalore,Road,712,115,10,Clear,Urgent,2.4,2249.6,7.31
SHP20034,Bangalore,Kochi,Sea,1809,233,10,Clear,Standard,0.36,2384.16,11.85
SHP20035,Hyderabad,Coimbatore,Sea,305,313,1,Clear,Standard,1.45,569.5,8.84
SHP20036,Bangalore,Delhi,Air,647,228,2,Clear,Urgent,0.71,4096.68,2.31
SHP20037,Hyderabad,Coimbatore,Road,711,362,6,Rain,Standard,0.7,2008.97,6.75
SHP20038,Chennai,Pune,Road,284,107,10,Storm,Urgent,1.01,986.55,7.1
SHP20039,Hyderabad,Delhi,Rail,1418,325,5,Clear,Standard,2.5,2549.25,10.0
SHP20040,Hyderabad,Kochi,Road,819,283,9,Clear,Urgent,0.14,2414.26,5.96
SHP20041,Mumbai,Pune,Road,262,444,5,Rain,Standard,1.45,1024.5,6.31
SHP20042,Hyderabad,Kochi,Road,512,409,2,Clear,Standard,0.21,1096.6,4.6
SHP20043,Hyderabad,Chennai,Road,332,344,10,Clear,Urgent,0.39,1656.95,5.11
SHP20044,Chennai,Bangalore,Sea,1536,447,4,Clear,Standard,1.1,1913.72,11.13
SHP20045,Mumbai,Kochi,Road,1480,396,9,Clear,Standard,1.28,3551.53,8.06
SHP20046,Delhi,Kochi,Rail,137,339,1,Clear,Standard,0.65,653.92,5.24
SHP20047,Chennai,Chennai,Road,1117,176,1,Storm,Standard,0.79,2446.12,8.64
SHP20048,Chennai,Hyderabad,Road,510,175,7,Clear,Standard,0.22,1752.15,4.91
SHP20049,Delhi,Chennai,Road,1774,158,3,Clear,Standard,0.76,3312.75,6.94
SHP20050,Hyderabad,Pune,Road,1426,140,10,Clear,Standard,2.42,3228.7,9.19
SHP20051,Bangalore,Chennai,Sea,564,84,2,Clear,Standard,2.36,1023.56,9.68
SHP20052,Mumbai,Chennai,Air,752,126,9,Rain,Standard,0.84,5112.7,5.1
SHP20053,Bangalore,Bangalore,Sea,1703,166,3,Rain,Standard,1.43,2172.15,11.28
SHP20054,Delhi,Chennai,Air,2116,156,2,Rain,Standard,2.27,12639.95,7.89
SHP20055,Chennai,Coimbatore,Rail,72,430,8,Clear,Standard,0.02,1028.65,6.04
SHP20056,Chennai,Kochi,Sea,1103,181,10,Rain,Standard,2.03,1695.31,12.41
SHP20057,Mumbai,Coimbatore,Road,1880,447,6,Rain,Standard,2.37,3951.87,9.54
SHP20058,Chennai,Bangalore,Road,1354,471,6,Rain,Standard,0.23,3268.02,6.8
SHP20059,Chennai,Mumbai,Road,1184,119,10,Clear,Standard,0.4,2798.47,5.71
SHP20060,Mumbai,Hyderabad,Road,411,357,7,Clear,Standard,2.4,983.41,6.95
SHP20061,Mumbai,Coimbatore,Road,1949,418,7,Clear,Urgent,1.34,4450.55,6.55
SHP20062,Delhi,Bangalore,Road,1334,326,6,Rain,Standard,0.04,3389.7,6.66
SHP20063,Chennai,Pune,Air,564,160,4,Clear,Standard,0.64,3610.27,3.06
SHP20064,Chennai,Mumbai,Road,498,102,9,Clear,Standard,1.12,1463.33,6.15
SHP20065,Delhi,Bangalore,Road,1973,196,6,Rain,Urgent,1.73,4394.74,8.68
SHP20066,Hyderabad,Bangalore,Road,1556,217,4,Rain,Urgent,1.83,3444.26,8.64
SHP20067,Hyderabad,Hyderabad,Road,1297,131,3,Rain,Standard,2.49,2640.6,10.02
SHP20068,Hyderabad,Kochi,Air,1905,75,4,Clear,Standard,0.72,11820.95,5.85
SHP20069,Delhi,Coimbatore,Road,923,479,3,Rain,Urgent,1.35,1985.34,6.56
SHP20070,Chennai,Pune,Sea,1478,198,2,Clear,Standard,1.33,1511.25,10.2
SHP20071,Delhi,Delhi,Air,1804,440,5,Clear,Standard,1.01,11851.37,6.5
SHP20072,Delhi,Coimbatore,Road,972,420,2,Clear,Standard,0.42,2280.16,4.73
SHP20073,Hyderabad,Delhi,Road,1086,205,6,Clear,Standard,2.44,2384.67,7.83
SHP20074,Bangalore,Bangalore,Air,1466,490,3,Clear,Urgent,2.13,9645.88,5.76
SHP20075,Chennai,Chennai,Rail,363,237,6,Rain,Urgent,1.25,936.06,7.74
SHP20076,Hyderabad,Pune,Rail,2047,432,10,Clear,Standard,1.51,3586.26,11.09
SHP20077,Bangalore,Mumbai,Air,1087,436,9,Rain,Standard,0.57,7348.02,5.31
SHP20078,Bangalore,Chennai,Road,1706,335,1,Clear,Urgent,1.36,3151.43,6.57
SHP20079,Mumbai,Chennai,Road,1828,494,6,Clear,Standard,1.74,4605.58,9.02
SHP20080,Chennai,Coimbatore,Road,1064,236,9,Clear,Standard,1.29,3172.91,6.79
SHP20081,Bangalore,Pune,Air,1143,139,4,Clear,Urgent,2.48,7478.86,6.05
SHP20082,Hyderabad,Kochi,Rail,1174,458,2,Clear,Standard,1.53,1123.69,8.93
SHP20083,Mumbai,Bangalore,Road,747,413,4,Clear,Standard,0.93,2118.47,6.16
SHP20084,Chennai,Bangalore,Road,1454,194,1,Clear,Standard,1.93,3000.91,7.62
SHP20085,Delhi,Bangalore,Road,1205,42,3,Clear,Urgent,0.43,2281.74,4.71
SHP20086,Hyderabad,Bangalore,Road,1093,232,10,Clear,Standard,0.96,2775.48,6.71
SHP20087,Bangalore,Coimbatore,Rail,1979,424,9,Rain,Standard,0.87,3232.06,10.35
SHP20088,Bangalore,Delhi,Rail,1063,254,10,Clear,Standard,1.08,2087.66,8.94
SHP20089,Hyderabad,Bangalore,Air,276,32,5,Rain,Urgent,1.95,1881.95,4.41
SHP20090,Bangalore,Delhi,Road,1878,120,6,Rain,Urgent,1.21,3793.8,7.65
SHP20091,Mumbai,Delhi,Road,1542,436,3,Storm,Standard,1.99,3437.25,10.18
SHP20092,Chennai,Kochi,Rail,871,43,5,Rain,Standard,1.44,1161.51,8.45
SHP20093,Mumbai,Bangalore,Air,2073,383,8,Clear,Standard,0.86,12729.33,6.14
SHP20094,Bangalore,Hyderabad,Rail,920,30,6,Rain,Urgent,2.02,1090.09,8.84
SHP20095,Delhi,Mumbai,Air,2135,292,4,Rain,Standard,0.6,13233.03,5.89
SHP20096,Chennai,Chennai,Road,1845,471,2,Clear,Urgent,0.56,4539.84,5.58
SHP20097,Chennai,Delhi,Road,237,450,9,Clear,Standard,1.26,1060.11,6.32
SHP20098,Hyderabad,Pune,Road,1130,300,1,Clear,Urgent,0.65,2375.64,4.85
SHP20099,Hyderabad,Pune,Road,990,113,1,Rain,Urgent,0.02,1821.38,4.68
SHP20100,Delhi,Mumbai,Road,575,220,4,Rain,Standard,1.62,1495.63,6.4
SHP20101,Chennai,Pune,Road,385,40,7,Clear,Urgent,1.28,1345.81,5.79
SHP20102,Delhi,Hyderabad,Rail,1128,359,1,Clear,Standard,1.11,2325.17,7.49
SHP20103,Hyderabad,Pune,Road,211,486,9,Clear,Standard,2.42,1245.75,7.26
SHP20104,Hyderabad,Chennai,Road,643,230,4,Clear,Standard,1.43,1668.0,6.36
SHP20105,Chennai,Chennai,Sea,1988,159,3,Storm,Standard,2.16,1845.78,12.93
SHP20106,Mumbai,Delhi,Road,109,312,1,Clear,Standard,0.35,439.66,3.27
SHP20107,Bangalore,Bangalore,Road,1951,317,10,Clear,Standard,1.42,4694.59,9.07
SHP20108,Hyderabad,Kochi,Air,455,420,4,Clear,Standard,2.17,3274.28,4.86
SHP20109,Hyderabad,Hyderabad,Road,713,120,9,Rain,Standard,1.46,1808.43,6.93
SHP20110,Mumbai,Delhi,Road,1182,323,10,Clear,Standard,1.8,2998.36,8.48
SHP20111,Mumbai,Hyderabad,Road,1149,378,6,Rain,Standard,0.93,2700.49,7.08
SHP20112,Delhi,Bangalore,Road,591,47,6,Clear,Standard,0.23,1415.56,4.71
SHP20113,Delhi,Coimbatore,Sea,1387,60,1,Clear,Standard,1.14,811.45,9.34
SHP20114,Bangalore,Pune,Air,1047,374,10,Clear,Standard,0.99,7199.31,5.58
SHP20115,Bangalore,Pune,Rail,1190,322,2,Clear,Standard,2.17,2494.74,9.8
SHP20116,Chennai,Kochi,Air,917,165,6,Clear,Standard,0.61,5763.74,3.05
SHP20117,Delhi,Bangalore,Air,2116,275,2,Storm,Urgent,2.42,13175.71,8.33
SHP20118,Hyderabad,Delhi,Road,481,481,3,Rain,Urgent,2.4,1712.79,7.7
SHP20119,Delhi,Kochi,Air,789,246,4,Storm,Standard,0.62,5476.95,5.15
SHP20120,Hyderabad,Bangalore,Road,1423,255,5,Clear,Urgent,0.87,3184.42,5.65
SHP20121,Mumbai,Mumbai,Air,232,380,9,Storm,Urgent,2.24,1693.17,6.62
SHP20122,Delhi,Chennai,Air,1256,399,4,Clear,Urgent,2.42,8201.66,6.41
SHP20123,Mumbai,Kochi,Road,1219,474,9,Clear,Standard,1.11,3211.76,8.1
SHP20124,Bangalore,Kochi,Road,880,32,10,Clear,Urgent,0.8,2052.38,5.91
SHP20125,Bangalore,Delhi,Road,1701,229,3,Clear,Standard,1.32,3679.72,7.49
SHP20126,Chennai,Hyderabad,Road,1186,248,8,Rain,Standard,1.72,2911.12,7.93
SHP20127,Delhi,Mumbai,Air,525,416,1,Clear,Standard,0.68,3753.84,3.82
SHP20128,Mumbai,Delhi,Air,1376,119,9,Clear,Standard,1.84,8787.8,6.7
SHP20129,Hyderabad,Bangalore,Road,1020,50,9,Clear,Standard,0.13,2345.58,5.11
SHP20130,Bangalore,Bangalore,Road,1069,405,10,Clear,Standard,0.12,2948.57,6.63
SHP20131,Bangalore,Bangalore,Road,1191,35,2,Clear,Standard,0.97,2412.24,6.32
SHP20132,Hyderabad,Coimbatore,Road,1886,156,4,Clear,Urgent,0.88,4212.91,7.17
SHP20133,Mumbai,Bangalore,Road,210,348,8,Rain,Urgent,0.79,856.34,5.6
SHP20134,Mumbai,Hyderabad,Road,247,185,7,Rain,Standard,1.23,923.76,5.91
SHP20135,Delhi,Mumbai,Sea,1333,478,1,Clear,Urgent,0.8,1091.67,9.13
SHP20136,Delhi,Pune,Road,709,329,5,Clear,Urgent,0.48,1796.62,4.41
SHP20137,Chennai,Chennai,Road,1825,459,7,Clear,Urgent,0.77,4449.97,7.25
SHP20138,Bangalore,Hyderabad,Rail,1120,489,4,Rain,Standard,2.44,1777.67,10.28
SHP20139,Delhi,Hyderabad,Road,2060,500,1,Clear,Standard,1.03,4524.97,8.98
SHP20140,Mumbai,Coimbatore,Sea,448,119,9,Clear,Urgent,1.11,250.0,9.39
SHP20141,Hyderabad,Pune,Sea,1783,128,5,Clear,Standard,1.44,1508.08,11.8
SHP20142,Mumbai,Pune,Road,1632,362,2,Clear,Standard,2.46,3383.18,8.81
SHP20143,Bangalore,Chennai,Road,2175,192,8,Clear,Standard,0.6,4828.24,7.74
SHP20144,Mumbai,Chennai,Road,124,256,2,Rain,Standard,1.7,631.75,6.03
SHP20145,Chennai,Pune,Road,651,181,3,Clear,Standard,1.79,1555.89,6.24
SHP20146,Bangalore,Bangalore,Road,886,412,10,Clear,Standard,1.52,2397.15,7.68
SHP20147,Hyderabad,Hyderabad,Rail,1578,235,1,Rain,Standard,0.22,2203.12,8.35
SHP20148,Chennai,Delhi,Road,549,283,2,Rain,Urgent,1.69,1601.71,6.22
SHP20149,Bangalore,Chennai,Road,1646,282,7,Clear,Urgent,0.16,3844.0,5.99
SHP20150,Hyderabad,Coimbatore,Road,187,311,10,Clear,Standard,1.49,920.41,6.08
SHP20151,Chennai,Coimbatore,Sea,2147,293,2,Clear,Urgent,1.85,2486.77,10.71
SHP20152,Chennai,Chennai,Road,1844,22,6,Storm,Standard,0.53,4405.29,9.22
SHP20153,Bangalore,Pune,Road,1022,47,3,Clear,Standard,2.1,1879.86,8.2
SHP20154,Delhi,Mumbai,Road,1692,345,4,Storm,Urgent,0.08,3965.13,8.13
SHP20155,Chennai,Delhi,Sea,1935,447,8,Rain,Urgent,2.11,3039.82,12.38
SHP20156,Chennai,Delhi,Road,2078,168,3,Clear,Urgent,1.15,4482.25,7.55
SHP20157,Hyderabad,Chennai,Rail,1950,47,10,Clear,Standard,0.54,2956.16,9.66
SHP20158,Mumbai,Bangalore,Air,1499,329,6,Clear,Urgent,0.33,9568.42,4.04
SHP20159,Bangalore,Mumbai,Road,596,457,1,Clear,Standard,2.38,1760.85,7.28
SHP20160,Bangalore,Delhi,Rail,971,84,7,Clear,Standard,0.18,1771.62,6.78
SHP20161,Delhi,Chennai,Road,630,375,8,Rain,Standard,0.5,1566.31,7.43
SHP20162,Delhi,Coimbatore,Rail,1422,40,8,Storm,Standard,0.87,2157.98,10.22
SHP20163,Bangalore,Delhi,Rail,2006,271,3,Clear,Standard,1.55,2389.33,9.16
SHP20164,Delhi,Kochi,Road,2053,254,10,Rain,Urgent,1.36,4632.27,9.33
SHP20165,Hyderabad,Mumbai,Road,2146,246,1,Clear,Standard,0.31,4322.73,7.43
SHP20166,Bangalore,Mumbai,Air,753,32,9,Clear,Standard,0.72,4954.59,4.23
SHP20167,Delhi,Kochi,Road,1675,332,6,Clear,Standard,0.6,3444.7,7.45
SHP20168,Bangalore,Hyderabad,Road,687,68,9,Clear,Standard,0.53,1622.12,5.65
SHP20169,Mumbai,Coimbatore,Road,1059,137,7,Storm,Urgent,1.03,2727.94,6.95
SHP20170,Chennai,Kochi,Rail,690,73,1,Rain,Standard,1.76,828.62,8.09
SHP20171,Bangalore,Pune,Rail,1911,157,1,Clear,Standard,0.54,2184.37,8.41
SHP20172,Chennai,Pune,Road,1255,72,6,Clear,Urgent,0.92,2849.18,5.86
SHP20173,Delhi,Chennai,Road,735,63,5,Clear,Standard,0.98,1555.07,6.16
SHP20174,Chennai,Mumbai,Road,1901,322,9,Clear,Standard,2.44,4360.33,9.48
SHP20175,Bangalore,Hyderabad,Rail,237,72,2,Rain,Standard,2.39,260.43,8.09
SHP20176,Mumbai,Hyderabad,Road,1669,93,8,Rain,Standard,2.0,4195.3,9.63
SHP20177,Delhi,Delhi,Rail,1737,65,5,Clear,Standard,0.6,2102.08,8.4
SHP20178,Bangalore,Delhi,Road,1034,32,2,Clear,Standard,0.17,2875.17,4.71
SHP20179,Delhi,Kochi,Sea,597,184,10,Clear,Urgent,0.79,890.84,9.58
SHP20180,Hyderabad,Hyderabad,Road,1481,121,6,Clear,Urgent,0.67,3326.76,5.7
SHP20181,Chennai,Kochi,Road,925,299,10,Clear,Standard,1.26,2325.4,6.81
SHP20182,Hyderabad,Coimbatore,Road,667,277,8,Clear,Standard,1.94,1709.14,5.7
SHP20183,Bangalore,Kochi,Sea,1415,489,4,Rain,Urgent,2.15,1486.24,11.64
SHP20184,Mumbai,Delhi,Air,1293,356,2,Rain,Standard,2.11,8387.71,7.33
SHP20185,Delhi,Mumbai,Road,952,375,5,Clear,Standard,0.9,2063.8,5.26
SHP20186,Chennai,Kochi,Rail,212,417,2,Clear,Standard,1.72,811.93,6.83
SHP20187,Delhi,Bangalore,Air,2024,157,2,Clear,Urgent,0.78,11848.43,4.98
SHP20188,Bangalore,Mumbai,Rail,319,182,6,Clear,Standard,0.15,856.88,4.85
SHP20189,Delhi,Hyderabad,Road,681,428,10,Rain,Standard,1.75,2309.49,7.96
SHP20190,Chennai,Hyderabad,Road,955,406,9,Clear,Standard,0.02,2271.77,6.68
SHP20191,Bangalore,Kochi,Road,2064,130,4,Clear,Urgent,1.02,4554.69,8.16
SHP20192,Delhi,Mumbai,Air,1691,121,6,Clear,Standard,0.82,10508.0,5.49
SHP20193,Mumbai,Delhi,Sea,254,36,7,Rain,Urgent,1.73,893.01,9.08
SHP20194,Bangalore,Delhi,Rail,631,287,6,Clear,Standard,1.92,1074.8,7.92
SHP20195,Bangalore,Pune,Road,1629,201,8,Clear,Standard,0.76,4422.9,7.41
SHP20196,Mumbai,Hyderabad,Road,890,391,4,Clear,Standard,2.03,1674.2,7.49
SHP20197,Hyderabad,Chennai,Rail,1886,43,1,Rain,Standard,0.73,2443.12,9.83
SHP20198,Chennai,Pune,Air,1301,48,7,Storm,Urgent,1.12,7681.56,6.62
SHP20199,Hyderabad,Delhi,Air,1769,190,3,Clear,Standard,1.82,11400.26,6.22
SHP20200,Delhi,Mumbai,Air,1692,428,6,Rain,Urgent,1.73,10788.77,6.6
SHP20201,Mumbai,Coimbatore,Rail,924,247,2,Storm,Standard,2.47,1450.58,12.14
SHP20202,Hyderabad,Delhi,Road,1514,397,9,Rain,Standard,0.56,3811.11,8.42
SHP20203,Bangalore,Mumbai,Road,739,207,1,Clear,Standard,1.66,1698.1,5.76
SHP20204,Delhi,Pune,Air,2060,365,6,Clear,Standard,1.52,12841.31,6.78
SHP20205,Delhi,Hyderabad,Rail,1472,249,6,Clear,Urgent,2.29,2033.54,8.88
SHP20206,Hyderabad,Delhi,Road,2051,340,5,Rain,Standard,0.39,4625.13,6.78
SHP20207,Hyderabad,Kochi,Road,721,359,5,Clear,Standard,1.88,2034.81,7.19
SHP20208,Mumbai,Mumbai,Rail,1221,138,1,Rain,Standard,1.42,1920.34,9.66
SHP20209,Chennai,Hyderabad,Road,1545,175,10,Clear,Standard,0.69,4075.68,6.45
SHP20210,Hyderabad,Coimbatore,Road,993,291,5,Rain,Standard,1.19,1879.46,7.35
SHP20211,Hyderabad,Coimbatore,Road,1499,194,2,Rain,Urgent,0.83,3225.67,6.2
SHP20212,Bangalore,Chennai,Rail,945,484,7,Clear,Standard,1.45,2207.03,9.12
SHP20213,Delhi,Mumbai,Rail,1386,123,3,Rain,Standard,2.22,1986.37,9.84
SHP20214,Chennai,Pune,Road,214,111,4,Clear,Standard,1.42,250.0,4.62
SHP20215,Bangalore,Chennai,Rail,2118,205,3,Rain,Urgent,1.58,2720.14,9.32
SHP20216,Mumbai,Chennai,Road,1155,479,3,Clear,Standard,1.3,2928.24,6.53
SHP20217,Mumbai,Bangalore,Road,1803,302,4,Clear,Standard,0.13,4090.85,7.35
SHP20218,Hyderabad,Delhi,Rail,1988,200,5,Rain,Standard,0.58,3107.53,10.22
SHP20219,Hyderabad,Mumbai,Rail,420,189,1,Clear,Standard,1.23,555.85,6.55
SHP20220,Mumbai,Chennai,Air,1930,206,4,Rain,Standard,0.78,12021.87,6.88
SHP20221,Hyderabad,Bangalore,Rail,902,194,8,Clear,Standard,0.45,1390.73,7.38
SHP20222,Chennai,Pune,Rail,433,241,10,Clear,Urgent,1.26,1194.79,7.14
SHP20223,Hyderabad,Hyderabad,Road,1981,252,7,Clear,Standard,0.81,4447.1,7.87
SHP20224,Delhi,Kochi,Road,474,181,9,Clear,Urgent,0.65,1220.68,5.22
SHP20225,Hyderabad,Kochi,Road,678,440,5,Clear,Standard,1.16,2316.55,6.05
SHP20226,Bangalore,Mumbai,Road,944,153,10,Clear,Standard,0.33,1949.29,6.11
SHP20227,Chennai,Chennai,Sea,647,410,4,Clear,Standard,2.32,912.39,11.24
SHP20228,Bangalore,Kochi,Road,642,499,8,Clear,Standard,2.17,1802.37,7.83
SHP20229,Bangalore,Delhi,Air,1737,243,9,Storm,Urgent,1.77,11475.0,7.9
SHP20230,Delhi,Kochi,Rail,622,172,7,Storm,Standard,0.27,1358.0,8.61
SHP20231,Chennai,Kochi,Air,2125,52,7,Clear,Standard,1.94,12892.47,7.46
SHP20232,Chennai,Kochi,Road,2140,74,5,Rain,Standard,2.02,4451.67,9.45
SHP20233,Chennai,Coimbatore,Rail,1754,461,4,Clear,Urgent,1.92,3300.41,9.2
SHP20234,Chennai,Bangalore,Road,226,26,10,Rain,Standard,0.28,588.83,5.65
SHP20235,Chennai,Chennai,Road,578,263,1,Rain,Urgent,1.61,986.59,5.15
SHP20236,Delhi,Delhi,Rail,1683,332,10,Storm,Standard,2.09,2909.45,12.15
SHP20237,Hyderabad,Chennai,Road,1015,145,10,Clear,Standard,1.44,2588.91,5.94
SHP20238,Bangalore,Coimbatore,Road,1567,31,7,Rain,Standard,1.62,3573.41,7.52
SHP20239,Chennai,Mumbai,Rail,247,35,1,Clear,Standard,1.15,555.76,5.16
SHP20240,Hyderabad,Mumbai,Road,902,227,1,Storm,Standard,1.32,2485.98,8.23
SHP20241,Hyderabad,Mumbai,Sea,1587,62,5,Clear,Standard,0.09,1207.87,9.55
SHP20242,Bangalore,Pune,Sea,2119,392,9,Clear,Urgent,1.6,2137.0,11.47
SHP20243,Delhi,Kochi,Sea,1130,480,6,Rain,Urgent,0.2,1656.55,10.09
SHP20244,Mumbai,Pune,Road,147,154,3,Rain,Standard,1.09,261.19,6.12
SHP20245,Mumbai,Bangalore,Road,1953,247,3,Clear,Standard,0.73,3869.15,7.51
SHP20246,Hyderabad,Mumbai,Sea,484,130,7,Storm,Standard,1.36,1218.56,11.08
SHP20247,Bangalore,Coimbatore,Road,686,326,6,Clear,Standard,0.33,1470.41,5.63
SHP20248,Mumbai,Delhi,Sea,637,476,9,Clear,Standard,1.73,1062.28,11.39
SHP20249,Hyderabad,Chennai,Sea,393,179,6,Clear,Urgent,1.99,647.31,9.17
SHP20250,Delhi,Kochi,Air,1367,350,5,Clear,Standard,0.41,9106.78,4.68
SHP20251,Mumbai,Hyderabad,Road,2029,283,10,Clear,Standard,0.26,4195.5,7.62
SHP20252,Hyderabad,Delhi,Road,620,244,7,Clear,Standard,0.36,1808.47,4.55
SHP20253,Hyderabad,Kochi,Air,660,490,1,Clear,Standard,2.19,4335.91,5.66
SHP20254,Chennai,Pune,Road,1777,236,7,Clear,Standard,1.32,4168.3,9.17
SHP20255,Delhi,Pune,Road,1904,475,3,Clear,Standard,1.17,4113.8,7.45
SHP20256,Chennai,Delhi,Rail,1009,64,9,Rain,Standard,0.27,2077.38,8.61
SHP20257,Bangalore,Pune,Sea,2129,233,6,Rain,Standard,1.62,2029.01,12.46
SHP20258,Chennai,Mumbai,Rail,581,78,9,Clear,Standard,2.17,525.01,8.76
SHP20259,Chennai,Bangalore,Rail,1227,151,5,Clear,Urgent,2.07,1708.79,9.37
SHP20260,Mumbai,Chennai,Road,1141,123,7,Clear,Standard,1.57,2572.37,6.92
SHP20261,Hyderabad,Bangalore,Rail,1951,214,4,Clear,Standard,0.19,3139.49,8.25
SHP20262,Delhi,Kochi,Sea,933,432,7,Rain,Standard,0.28,1007.7,9.28
SHP20263,Chennai,Chennai,Road,1728,176,1,Clear,Standard,0.12,3339.74,5.6
SHP20264,Delhi,Coimbatore,Road,2176,117,7,Clear,Standard,0.64,4942.44,6.71
SHP20265,Chennai,Chennai,Air,1799,245,8,Clear,Urgent,0.34,11011.94,5.06
SHP20266,Bangalore,Bangalore,Rail,831,431,5,Clear,Standard,0.65,1598.45,8.01
SHP20267,Chennai,Delhi,Rail,2155,224,2,Rain,Standard,0.96,3033.44,9.68
SHP20268,Mumbai,Chennai,Rail,930,98,5,Storm,Standard,2.36,1526.59,10.68
SHP20269,Hyderabad,Coimbatore,Road,496,143,6,Clear,Standard,1.53,1143.24,5.98
SHP20270,Bangalore,Coimbatore,Road,2163,490,2,Clear,Urgent,2.09,4605.25,8.92
SHP20271,Chennai,Coimbatore,Air,1833,447,6,Rain,Urgent,1.78,11805.77,7.12
SHP20272,Delhi,Bangalore,Air,1327,237,6,Rain,Standard,0.28,8220.55,4.04
SHP20273,Bangalore,Chennai,Air,2041,23,1,Clear,Urgent,1.84,11967.46,6.03
SHP20274,Bangalore,Hyderabad,Sea,1117,109,1,Clear,Standard,0.69,1407.2,8.84
SHP20275,Chennai,Delhi,Road,1627,123,10,Clear,Urgent,1.6,3836.72,7.0
SHP20276,Bangalore,Mumbai,Road,1061,412,3,Clear,Standard,0.85,3039.68,6.08
SHP20277,Delhi,Chennai,Air,823,138,10,Clear,Urgent,2.49,5642.69,4.62
SHP20278,Bangalore,Coimbatore,Rail,1864,152,10,Clear,Urgent,0.66,2592.96,7.95
SHP20279,Delhi,Hyderabad,Rail,1251,331,3,Clear,Standard,0.7,2053.29,7.9
SHP20280,Chennai,Mumbai,Air,1500,115,4,Clear,Standard,2.33,9018.34,6.44
SHP20281,Hyderabad,Mumbai,Air,356,487,2,Rain,Urgent,0.06,2353.15,2.97
SHP20282,Bangalore,Kochi,Road,828,453,9,Clear,Urgent,1.74,2266.9,7.05
SHP20283,Hyderabad,Chennai,Road,57,350,10,Clear,Standard,1.81,1024.38,6.21
SHP20284,Delhi,Bangalore,Road,525,162,7,Clear,Standard,2.09,1509.53,6.88
SHP20285,Bangalore,Chennai,Rail,1370,307,7,Clear,Standard,2.44,1954.58,9.93
SHP20286,Mumbai,Hyderabad,Road,534,47,6,Storm,Standard,2.44,1199.71,7.69
SHP20287,Hyderabad,Mumbai,Road,954,297,3,Clear,Standard,0.16,2244.58,4.89
SHP20288,Bangalore,Chennai,Road,608,252,6,Clear,Standard,2.05,1230.52,7.49
SHP20289,Hyderabad,Bangalore,Road,2017,36,8,Rain,Urgent,1.62,4524.69,9.48
SHP20290,Bangalore,Kochi,Rail,1177,78,8,Clear,Standard,1.62,1823.12,9.23
SHP20291,Chennai,Chennai,Road,1283,109,9,Rain,Urgent,0.32,2631.45,7.34
SHP20292,Hyderabad,Delhi,Road,517,218,1,Clear,Standard,1.63,903.41,5.84
SHP20293,Mumbai,Kochi,Air,897,381,1,Clear,Standard,2.46,6130.32,6.56
SHP20294,Mumbai,Bangalore,Road,308,460,3,Clear,Standard,2.28,1039.8,7.87
SHP20295,Delhi,Hyderabad,Road,332,45,3,Clear,Standard,1.1,1107.09,4.04
SHP20296,Bangalore,Mumbai,Road,1699,44,10,Rain,Standard,0.1,4180.64,7.61
SHP20297,Hyderabad,Chennai,Air,1948,413,8,Rain,Standard,0.91,12698.56,7.19
SHP20298,Delhi,Bangalore,Road,89,320,10,Clear,Standard,2.07,682.64,6.62
SHP20299,Hyderabad,Kochi,Rail,1064,358,1,Clear,Standard,1.75,1115.94,8.68
SHP20300,Bangalore,Delhi,Road,662,286,2,Rain,Standard,1.15,1729.65,6.47
SHP20301,Mumbai,Bangalore,Road,1965,480,2,Storm,Standard,0.14,4954.89,8.07
SHP20302,Chennai,Pune,Road,737,200,3,Clear,Urgent,1.07,1750.15,5.15
SHP20303,Mumbai,Coimbatore,Road,662,475,6,Clear,Urgent,1.17,1464.05,6.58
SHP20304,Delhi,Delhi,Rail,1831,379,1,Clear,Standard,2.32,2587.68,10.2
SHP20305,Chennai,Kochi,Rail,1860,87,2,Rain,Standard,1.6,2520.37,10.17
SHP20306,Delhi,Hyderabad,Sea,1597,370,1,Clear,Standard,0.78,1401.3,10.06
SHP20307,Bangalore,Mumbai,Road,1980,431,5,Clear,Urgent,1.31,3881.91,8.01
SHP20308,Chennai,Kochi,Road,1202,478,7,Rain,Standard,0.17,3054.74,6.44
SHP20309,Delhi,Coimbatore,Air,624,340,8,Clear,Standard,2.43,4218.78,5.69
SHP20310,Bangalore,Hyderabad,Road,1960,68,10,Clear,Standard,0.9,4774.37,7.94
SHP20311,Mumbai,Chennai,Road,1062,194,1,Clear,Standard,1.19,2358.86,5.41
SHP20312,Bangalore,Bangalore,Road,719,71,7,Clear,Standard,0.89,1864.29,5.4
SHP20313,Hyderabad,Pune,Road,318,121,5,Clear,Urgent,1.71,890.13,5.51
SHP20314,Bangalore,Delhi,Sea,1333,235,10,Clear,Standard,1.66,1702.38,11.67
SHP20315,Bangalore,Delhi,Air,973,457,1,Clear,Standard,1.79,5985.48,5.59
SHP20316,Hyderabad,Bangalore,Rail,1175,207,3,Clear,Standard,0.67,1558.76,7.17
SHP20317,Delhi,Pune,Road,1579,76,7,Rain,Standard,0.79,3743.55,7.73
SHP20318,Delhi,Bangalore,Road,1808,66,10,Rain,Urgent,0.31,4077.77,6.92
SHP20319,Bangalore,Chennai,Road,1644,178,1,Clear,Standard,1.64,3383.57,7.75
SHP20320,Hyderabad,Coimbatore,Road,296,193,7,Clear,Urgent,0.1,1132.24,4.69
SHP20321,Hyderabad,Hyderabad,Road,1610,261,5,Clear,Standard,1.49,3756.37,8.03
SHP20322,Mumbai,Kochi,Rail,1989,301,1,Clear,Standard,2.17,3389.32,10.65
SHP20323,Delhi,Delhi,Rail,979,260,1,Clear,Urgent,2.23,1582.47,8.03
SHP20324,Chennai,Chennai,Road,276,389,1,Rain,Standard,1.12,671.47,6.34
SHP20325,Delhi,Hyderabad,Sea,314,24,9,Clear,Urgent,1.15,581.88,8.65
SHP20326,Delhi,Chennai,Rail,1445,103,3,Clear,Standard,0.19,2228.09,6.7
SHP20327,Mumbai,Pune,Rail,1507,327,5,Clear,Urgent,1.68,2677.31,8.93
SHP20328,Chennai,Delhi,Rail,695,380,10,Rain,Standard,2.05,1191.74,9.44
SHP20329,Mumbai,Kochi,Road,1468,478,9,Clear,Standard,0.61,3744.63,8.76
SHP20330,Chennai,Bangalore,Road,1523,267,6,Clear,Urgent,1.05,3271.99,6.55
SHP20331,Bangalore,Bangalore,Road,1437,73,9,Clear,Urgent,2.1,3113.04,8.09
SHP20332,Chennai,Hyderabad,Air,1949,180,8,Rain,Urgent,2.19,12392.46,7.49
SHP20333,Mumbai,Kochi,Road,1299,453,8,Rain,Urgent,0.61,3472.26,6.49
SHP20334,Delhi,Coimbatore,Road,1031,441,1,Clear,Urgent,1.38,2324.36,4.96
SHP20335,Chennai,Mumbai,Road,1204,430,9,Clear,Standard,0.48,3070.54,7.31
SHP20336,Chennai,Pune,Road,637,245,6,Clear,Standard,0.25,1570.48,6.09
SHP20337,Hyderabad,Hyderabad,Air,525,34,9,Clear,Standard,2.28,4227.03,4.95
SHP20338,Delhi,Mumbai,Rail,1871,243,3,Rain,Standard,2.05,2825.59,9.72
SHP20339,Bangalore,Chennai,Road,1035,80,3,Rain,Standard,1.9,2037.13,7.37
SHP20340,Mumbai,Pune,Road,1291,141,6,Rain,Standard,0.12,3249.44,6.07
SHP20341,Bangalore,Chennai,Road,239,296,9,Rain,Standard,2.11,1398.77,7.3
SHP20342,Delhi,Coimbatore,Road,1490,65,7,Clear,Standard,1.1,3731.42,7.49
SHP20343,Chennai,Kochi,Road,1030,472,3,Clear,Standard,0.86,3111.8,6.33
SHP20344,Chennai,Delhi,Road,1748,409,3,Rain,Standard,1.37,4146.03,8.05
SHP20345,Delhi,Pune,Road,1765,313,2,Clear,Standard,0.23,3794.24,6.76
SHP20346,Chennai,Mumbai,Rail,90,81,9,Rain,Urgent,1.89,454.25,8.18
SHP20347,Chennai,Coimbatore,Rail,992,105,3,Clear,Standard,1.46,1416.08,7.7
SHP20348,Chennai,Delhi,Road,387,465,5,Clear,Standard,0.47,1266.56,5.36
SHP20349,Mumbai,Bangalore,Road,1387,229,9,Storm,Standard,0.47,3605.08,8.75
SHP20350,Mumbai,Mumbai,Rail,1148,97,8,Clear,Standard,0.46,1859.88,7.93
SHP20351,Hyderabad,Hyderabad,Road,945,221,2,Storm,Standard,0.14,2401.76,6.67
SHP20352,Bangalore,Bangalore,Air,1724,321,3,Storm,Standard,1.47,10987.28,8.34
SHP20353,Delhi,Coimbatore,Rail,980,416,2,Rain,Standard,2.1,1443.74,9.86
SHP20354,Delhi,Bangalore,Road,338,242,8,Rain,Standard,0.04,744.51,5.28
SHP20355,Delhi,Hyderabad,Road,773,241,6,Clear,Standard,0.12,1663.73,5.05
SHP20356,Hyderabad,Pune,Rail,2003,22,6,Rain,Urgent,1.43,2727.02,9.34
SHP20357,Mumbai,Bangalore,Road,1139,497,9,Clear,Urgent,2.05,3073.88,8.21
SHP20358,Hyderabad,Kochi,Rail,532,25,8,Clear,Standard,0.82,832.02,6.73
SHP20359,Delhi,Mumbai,Sea,985,112,4,Clear,Standard,0.87,1263.87,9.19
SHP20360,Bangalore,Delhi,Rail,205,27,4,Clear,Standard,1.49,298.88,7.38
SHP20361,Chennai,Bangalore,Road,1120,447,9,Clear,Standard,0.69,3021.54,7.11
SHP20362,Mumbai,Mumbai,Rail,2008,254,1,Clear,Urgent,0.07,2903.4,7.98
SHP20363,Mumbai,Chennai,Road,1733,127,2,Clear,Standard,1.84,4083.91,8.17
SHP20364,Hyderabad,Mumbai,Road,173,180,2,Rain,Urgent,1.56,334.19,4.76
SHP20365,Mumbai,Delhi,Sea,2098,228,6,Clear,Standard,1.45,2775.7,11.94
SHP20366,Delhi,Mumbai,Road,1017,259,4,Storm,Urgent,1.85,2258.51,8.7
SHP20367,Delhi,Hyderabad,Sea,904,350,10,Rain,Standard,1.69,1021.09,11.21
SHP20368,Hyderabad,Coimbatore,Sea,689,352,3,Rain,Urgent,0.51,864.47,9.19
SHP20369,Delhi,Delhi,Road,1652,69,3,Clear,Standard,0.88,4281.13,6.68
SHP20370,Bangalore,Coimbatore,Road,491,30,3,Rain,Standard,0.32,1337.8,4.15
SHP20371,Hyderabad,Pune,Road,1994,370,6,Clear,Standard,0.32,4681.74,7.49
SHP20372,Bangalore,Coimbatore,Road,1888,175,8,Rain,Standard,1.69,4412.3,8.84
SHP20373,Chennai,Chennai,Road,1879,89,7,Clear,Urgent,2.15,3890.7,7.56
SHP20374,Bangalore,Hyderabad,Rail,582,188,4,Rain,Urgent,2.41,1147.31,8.59
SHP20375,Chennai,Pune,Road,1386,291,4,Storm,Urgent,1.57,3174.53,7.38
SHP20376,Chennai,Mumbai,Road,998,87,10,Clear,Standard,0.46,2876.57,5.84
SHP20377,Bangalore,Delhi,Air,2069,374,2,Clear,Urgent,0.26,12886.93,6.0
SHP20378,Hyderabad,Chennai,Road,509,271,1,Rain,Standard,2.03,1202.33,7.32
SHP20379,Delhi,Hyderabad,Air,600,67,9,Clear,Standard,1.45,3700.85,4.19
SHP20380,Delhi,Pune,Road,442,203,2,Rain,Standard,1.55,1171.7,7.18
SHP20381,Chennai,Pune,Road,1837,339,8,Clear,Standard,1.95,4332.34,8.48
SHP20382,Chennai,Chennai,Rail,894,206,9,Clear,Standard,1.76,1362.2,8.61
SHP20383,Hyderabad,Kochi,Rail,1188,109,4,Storm,Standard,2.09,1895.79,9.89
SHP20384,Mumbai,Mumbai,Air,695,465,8,Rain,Standard,0.14,5043.04,4.8
SHP20385,Bangalore,Chennai,Rail,1516,351,9,Rain,Urgent,1.87,2855.06,10.97
SHP20386,Chennai,Pune,Air,1427,158,10,Clear,Standard,2.13,9396.79,6.24
SHP20387,Delhi,Bangalore,Road,191,376,10,Rain,Standard,0.72,1093.97,5.29
SHP20388,Hyderabad,Hyderabad,Road,550,108,5,Clear,Standard,1.6,1113.11,6.74
SHP20389,Bangalore,Chennai,Air,889,293,7,Clear,Standard,0.79,5708.29,5.37
SHP20390,Hyderabad,Kochi,Air,1732,38,10,Rain,Standard,2.39,11226.23,6.93
SHP20391,Bangalore,Pune,Sea,1615,490,4,Clear,Standard,0.08,1904.37,10.32
SHP20392,Bangalore,Mumbai,Road,2096,330,1,Clear,Standard,1.45,4960.54,8.16
SHP20393,Chennai,Coimbatore,Road,1580,377,3,Clear,Standard,0.42,3728.95,6.14
SHP20394,Hyderabad,Pune,Air,645,393,5,Rain,Standard,1.78,4685.38,5.0
SHP20395,Hyderabad,Mumbai,Road,1954,485,3,Clear,Urgent,0.44,4684.18,7.23
SHP20396,Delhi,Chennai,Sea,330,173,7,Rain,Standard,0.59,331.37,9.45
SHP20397,Delhi,Mumbai,Air,473,409,9,Clear,Standard,1.24,3700.09,4.92
SHP20398,Chennai,Delhi,Road,319,279,6,Clear,Urgent,2.29,789.85,5.92
SHP20399,Chennai,Delhi,Air,203,127,10,Rain,Standard,0.53,1642.82,3.66
SHP20400,Mumbai,Delhi,Air,1800,390,1,Clear,Standard,0.36,11443.54,3.46
SHP20401,Delhi,Kochi,Road,711,304,7,Clear,Urgent,1.9,1684.27,6.46
SHP20402,Bangalore,Kochi,Sea,2017,78,3,Clear,Standard,1.25,2103.03,11.9
SHP20403,Hyderabad,Bangalore,Road,132,144,5,Clear,Standard,2.28,250.0,5.78
SHP20404,Chennai,Kochi,Air,1499,373,10,Rain,Standard,0.37,10058.78,5.3
SHP20405,Hyderabad,Coimbatore,Road,1348,292,4,Clear,Standard,1.61,2932.69,7.68
SHP20406,Hyderabad,Chennai,Air,1029,126,10,Rain,Standard,0.58,6412.12,5.67
SHP20407,Mumbai,Pune,Road,1709,318,5,Clear,Standard,0.39,3520.36,6.57
SHP20408,Delhi,Pune,Road,1448,264,5,Clear,Standard,1.71,3163.76,7.56
SHP20409,Chennai,Bangalore,Sea,682,355,6,Rain,Standard,1.48,542.15,11.03
SHP20410,Hyderabad,Kochi,Road,1581,469,10,Clear,Standard,1.89,3797.0,8.93
SHP20411,Chennai,Coimbatore,Road,836,437,10,Clear,Standard,0.77,2690.17,7.34
SHP20412,Bangalore,Mumbai,Sea,447,266,6,Clear,Standard,1.12,711.42,10.7
SHP20413,Mumbai,Bangalore,Sea,1193,27,8,Clear,Standard,1.01,1074.17,9.28
SHP20414,Bangalore,Coimbatore,Rail,983,160,8,Clear,Standard,2.46,1758.47,10.23
SHP20415,Chennai,Mumbai,Rail,1510,381,9,Clear,Urgent,0.73,2655.37,8.47
SHP20416,Chennai,Coimbatore,Road,1902,27,8,Clear,Standard,0.74,4597.45,8.22
SHP20417,Delhi,Mumbai,Road,335,497,2,Clear,Standard,0.89,1384.98,5.71
SHP20418,Hyderabad,Hyderabad,Road,314,371,10,Clear,Standard,1.41,1388.3,6.62
SHP20419,Hyderabad,Coimbatore,Rail,2186,113,1,Clear,Standard,0.63,3204.77,8.95
SHP20420,Bangalore,Pune,Air,1727,340,10,Clear,Urgent,2.29,11069.4,6.82
SHP20421,Mumbai,Delhi,Air,1276,446,2,Rain,Standard,0.66,8220.05,4.84
SHP20422,Hyderabad,Kochi,Air,870,58,2,Storm,Urgent,2.24,5771.44,6.45
SHP20423,Delhi,Mumbai,Road,1812,100,3,Clear,Standard,0.26,3410.11,5.89
SHP20424,Bangalore,Hyderabad,Road,90,206,10,Rain,Standard,1.64,957.39,7.32
SHP20425,Bangalore,Coimbatore,Road,1781,103,7,Clear,Standard,2.27,3872.0,8.82
SHP20426,Delhi,Pune,Road,117,107,2,Clear,Urgent,0.42,327.43,2.1
SHP20427,Mumbai,Delhi,Road,1037,261,1,Clear,Standard,2.42,2205.68,7.08
SHP20428,Delhi,Mumbai,Air,1849,361,6,Clear,Standard,1.13,11757.57,6.39
SHP20429,Mumbai,Coimbatore,Road,1671,112,9,Clear,Standard,2.36,3746.92,8.77
SHP20430,Delhi,Coimbatore,Road,1705,105,3,Clear,Standard,1.69,3505.82,6.24
SHP20431,Delhi,Mumbai,Road,1328,63,6,Clear,Urgent,0.75,2747.04,6.59
SHP20432,Chennai,Bangalore,Air,744,156,3,Rain,Standard,0.47,4272.07,4.11
SHP20433,Bangalore,Bangalore,Rail,1135,440,1,Clear,Standard,0.76,1725.55,7.87
SHP20434,Delhi,Pune,Road,1743,93,5,Clear,Urgent,0.23,3616.63,5.6
SHP20435,Delhi,Delhi,Road,1108,55,10,Rain,Standard,0.36,2653.31,7.21
SHP20436,Hyderabad,Mumbai,Rail,828,120,4,Clear,Urgent,0.26,1815.17,7.01
SHP20437,Bangalore,Pune,Road,543,495,7,Clear,Standard,1.06,1622.51,5.98
SHP20438,Hyderabad,Pune,Air,1635,175,6,Rain,Standard,1.99,9965.32,8.11
SHP20439,Bangalore,Chennai,Rail,1542,445,10,Rain,Urgent,0.35,2576.48,9.21
SHP20440,Hyderabad,Coimbatore,Road,1840,274,7,Rain,Standard,0.33,4209.94,7.41
SHP20441,Delhi,Kochi,Road,710,190,5,Rain,Standard,1.61,1913.16,8.41
SHP20442,Delhi,Coimbatore,Sea,1398,488,4,Rain,Standard,0.49,1848.69,11.08
SHP20443,Chennai,Bangalore,Road,1377,235,7,Storm,Standard,0.24,3417.43,8.36
SHP20444,Hyderabad,Delhi,Road,1349,189,7,Clear,Standard,0.42,3355.41,6.31
SHP20445,Mumbai,Coimbatore,Air,2036,271,6,Clear,Urgent,2.31,12667.93,6.49
SHP20446,Chennai,Mumbai,Sea,2094,379,8,Clear,Standard,2.05,2886.34,13.14
SHP20447,Hyderabad,Pune,Sea,1978,341,4,Clear,Standard,0.89,2019.06,12.05
SHP20448,Hyderabad,Mumbai,Air,1397,74,10,Rain,Urgent,1.64,8844.44,6.07
SHP20449,Chennai,Chennai,Road,1108,475,5,Clear,Standard,1.34,3142.46,7.19
SHP20450,Delhi,Delhi,Road,1026,451,4,Clear,Standard,1.69,2739.51,8.08
SHP20451,Hyderabad,Pune,Air,531,110,1,Clear,Standard,1.71,2787.29,3.78
SHP20452,Delhi,Mumbai,Rail,777,297,8,Rain,Urgent,1.57,1558.81,8.95
SHP20453,Chennai,Bangalore,Road,1081,120,1,Clear,Standard,0.67,2520.49,5.98
SHP20454,Delhi,Kochi,Sea,392,174,5,Rain,Urgent,0.1,287.63,8.0
SHP20455,Bangalore,Chennai,Road,1497,396,6,Clear,Urgent,1.14,3748.07,7.13
SHP20456,Mumbai,Delhi,Road,576,368,6,Clear,Standard,2.23,1790.74,7.66
SHP20457,Hyderabad,Chennai,Road,1946,470,5,Clear,Standard,1.42,4785.98,8.25
SHP20458,Mumbai,Bangalore,Road,708,383,3,Clear,Urgent,2.08,1692.72,6.85
SHP20459,Delhi,Delhi,Road,2123,160,5,Rain,Standard,2.48,4813.97,9.74
SHP20460,Hyderabad,Chennai,Road,869,192,8,Rain,Urgent,0.41,2230.7,5.61
SHP20461,Delhi,Hyderabad,Road,455,29,2,Clear,Urgent,1.73,1447.61,4.22
SHP20462,Bangalore,Bangalore,Rail,1623,247,6,Clear,Standard,1.69,3238.71,9.3
SHP20463,Chennai,Bangalore,Rail,1861,284,9,Clear,Standard,2.45,3374.48,10.65
SHP20464,Hyderabad,Bangalore,Rail,554,457,8,Rain,Urgent,2.46,1531.63,9.25
SHP20465,Bangalore,Hyderabad,Sea,228,267,8,Rain,Urgent,1.72,1212.3,10.32
SHP20466,Bangalore,Hyderabad,Road,181,266,8,Clear,Standard,0.61,1032.27,4.26
SHP20467,Hyderabad,Mumbai,Road,1896,174,7,Clear,Standard,2.0,3966.61,7.71
SHP20468,Delhi,Pune,Air,1528,53,8,Rain,Standard,0.27,9499.13,4.97
SHP20469,Bangalore,Kochi,Road,821,148,6,Clear,Standard,1.95,2175.62,7.31
SHP20470,Mumbai,Chennai,Sea,1479,179,2,Clear,Standard,2.28,1706.04,11.54
SHP20471,Bangalore,Mumbai,Road,2173,108,2,Clear,Standard,0.96,4231.88,7.03
SHP20472,Delhi,Chennai,Sea,628,112,8,Clear,Standard,1.58,633.42,10.74
SHP20473,Delhi,Kochi,Road,1565,346,1,Rain,Standard,1.08,3391.07,7.26
SHP20474,Mumbai,Pune,Air,243,260,6,Storm,Standard,1.09,2100.64,5.59
SHP20475,Bangalore,Hyderabad,Road,2057,342,6,Clear,Standard,0.78,4797.44,7.72
SHP20476,Delhi,Pune,Sea,1235,487,4,Clear,Standard,1.91,1554.68,10.87
SHP20477,Hyderabad,Hyderabad,Road,1434,423,10,Clear,Standard,2.34,3390.09,8.86
SHP20478,Chennai,Kochi,Rail,1842,136,3,Clear,Standard,2.35,3056.24,10.44
SHP20479,Chennai,Pune,Sea,1160,113,3,Clear,Standard,0.44,943.14,9.31
SHP20480,Chennai,Mumbai,Road,1986,182,1,Clear,Standard,2.19,4496.39,8.94
SHP20481,Bangalore,Delhi,Rail,829,118,3,Clear,Standard,1.84,1473.61,8.25
SHP20482,Mumbai,Mumbai,Rail,311,132,4,Clear,Urgent,0.63,983.18,4.76
SHP20483,Delhi,Chennai,Road,779,378,5,Clear,Standard,0.17,1962.09,6.58
SHP20484,Hyderabad,Mumbai,Rail,332,110,3,Clear,Urgent,0.67,599.94,5.77
SHP20485,Hyderabad,Kochi,Rail,1540,365,6,Clear,Standard,2.28,2554.26,10.51
SHP20486,Bangalore,Bangalore,Sea,411,225,5,Clear,Standard,1.58,549.55,9.38
SHP20487,Chennai,Chennai,Road,490,36,3,Storm,Urgent,1.8,1173.71,7.53
SHP20488,Bangalore,Pune,Road,2190,293,6,Clear,Standard,0.64,5248.47,7.31
SHP20489,Mumbai,Chennai,Sea,1694,192,6,Clear,Standard,1.8,1515.99,12.05
SHP20490,Mumbai,Delhi,Air,916,135,8,Rain,Standard,0.07,5766.95,3.29
SHP20491,Delhi,Hyderabad,Road,1497,368,2,Storm,Standard,0.94,3203.76,8.82
SHP20492,Delhi,Pune,Rail,191,487,1,Clear,Standard,1.57,698.0,6.56
SHP20493,Mumbai,Coimbatore,Road,1364,200,4,Rain,Standard,0.37,3014.12,6.93
SHP20494,Mumbai,Chennai,Road,1505,110,7,Clear,Standard,2.06,3547.08,8.95
SHP20495,Mumbai,Pune,Road,1925,101,10,Clear,Standard,0.59,4299.33,8.13
SHP20496,Bangalore,Pune,Road,1897,343,3,Clear,Urgent,1.63,4283.42,8.26
SHP20497,Mumbai,Pune,Rail,1762,468,3,Rain,Standard,1.01,2916.41,10.38
SHP20498,Hyderabad,Hyderabad,Road,750,133,5,Rain,Standard,1.49,1856.05,6.76
SHP20499,Chennai,Coimbatore,Sea,1047,276,5,Clear,Urgent,0.27,1444.93,8.99
SHP20500,Mumbai,Kochi,Sea,2146,77,10,Clear,Standard,0.04,2293.17,9.97
SHP20501,Chennai,Mumbai,Rail,1375,173,3,Clear,Standard,2.27,2459.79,8.97
SHP20502,Bangalore,Pune,Road,930,384,9,Clear,Standard,0.67,3156.0,7.4
SHP20503,Chennai,Bangalore,Road,1263,423,4,Clear,Standard,2.05,3223.26,7.73
SHP20504,Bangalore,Kochi,Air,1209,135,3,Rain,Standard,2.5,7571.25,5.65
SHP20505,Hyderabad,Delhi,Rail,604,362,2,Rain,Urgent,0.53,1337.15,7.86
SHP20506,Bangalore,Hyderabad,Road,453,285,10,Rain,Urgent,0.66,1237.24,6.33
SHP20507,Bangalore,Chennai,Sea,941,334,9,Rain,Standard,1.66,1390.63,12.18
SHP20508,Delhi,Hyderabad,Air,651,222,4,Clear,Standard,2.41,4118.47,4.8
SHP20509,Mumbai,Chennai,Sea,1880,60,3,Rain,Standard,2.29,1957.49,12.78
SHP20510,Mumbai,Hyderabad,Rail,390,124,7,Clear,Standard,1.26,682.01,7.47
SHP20511,Hyderabad,Chennai,Rail,2018,408,8,Clear,Urgent,1.99,3184.41,9.86
SHP20512,Hyderabad,Pune,Road,753,397,2,Clear,Standard,0.34,1465.31,5.13
SHP20513,Mumbai,Mumbai,Sea,367,212,7,Clear,Standard,2.44,398.59,9.79
SHP20514,Delhi,Chennai,Air,1436,420,5,Clear,Urgent,2.41,9362.72,6.07
SHP20515,Mumbai,Coimbatore,Road,1850,297,5,Clear,Standard,0.41,3925.09,7.61
SHP20516,Delhi,Chennai,Road,1417,373,3,Rain,Standard,0.75,3540.64,6.95
SHP20517,Hyderabad,Bangalore,Road,1622,256,5,Clear,Standard,0.25,3410.93,7.58
SHP20518,Chennai,Chennai,Air,866,444,2,Clear,Urgent,0.68,5889.91,2.6
SHP20519,Hyderabad,Bangalore,Sea,602,240,4,Storm,Standard,2.04,623.33,11.68
SHP20520,Hyderabad,Delhi,Road,905,87,6,Clear,Urgent,0.95,2194.67,5.12
SHP20521,Bangalore,Pune,Rail,1862,216,1,Clear,Standard,0.22,2266.3,7.71
SHP20522,Bangalore,Bangalore,Road,232,275,10,Clear,Urgent,0.86,948.2,5.93
SHP20523,Bangalore,Mumbai,Sea,1624,158,4,Clear,Urgent,2.45,1476.95,10.84
SHP20524,Bangalore,Kochi,Air,446,331,6,Clear,Standard,1.57,3487.46,4.36
SHP20525,Delhi,Pune,Air,1777,454,9,Clear,Standard,1.04,11614.67,6.87
SHP20526,Mumbai,Bangalore,Road,1567,168,2,Clear,Standard,0.42,3047.06,6.19
SHP20527,Chennai,Pune,Road,956,118,7,Clear,Standard,2.47,2212.4,7.94
SHP20528,Hyderabad,Coimbatore,Road,1406,95,6,Clear,Standard,2.05,2914.42,7.39
SHP20529,Delhi,Pune,Road,50,301,2,Clear,Standard,0.7,678.46,4.41
SHP20530,Chennai,Pune,Air,68,390,8,Clear,Standard,0.18,1454.38,3.61
SHP20531,Delhi,Delhi,Air,633,422,7,Rain,Standard,0.14,4167.89,3.5
SHP20532,Delhi,Mumbai,Sea,505,128,5,Clear,Standard,0.3,906.58,7.92
SHP20533,Hyderabad,Hyderabad,Sea,2086,207,5,Clear,Standard,1.45,1960.43,10.83
SHP20534,Mumbai,Hyderabad,Rail,1182,218,7,Rain,Standard,2.32,1914.57,10.66
SHP20535,Bangalore,Bangalore,Air,2002,322,9,Clear,Urgent,1.24,12705.36,6.92
SHP20536,Mumbai,Pune,Sea,2200,346,9,Clear,Standard,2.11,2939.45,13.22
SHP20537,Hyderabad,Bangalore,Air,1037,173,9,Clear,Standard,1.11,6484.99,4.57
SHP20538,Hyderabad,Delhi,Road,569,59,6,Rain,Urgent,1.77,1609.79,5.95
SHP20539,Hyderabad,Delhi,Road,908,152,10,Rain,Standard,1.83,2009.92,8.08
SHP20540,Chennai,Chennai,Road,223,424,6,Clear,Urgent,0.43,727.45,4.31
SHP20541,Mumbai,Coimbatore,Sea,1416,481,3,Rain,Standard,0.9,1651.07,11.67
SHP20542,Mumbai,Delhi,Rail,776,151,1,Clear,Standard,1.59,1185.13,7.17
SHP20543,Delhi,Chennai,Road,1760,298,7,Clear,Standard,0.18,3325.12,7.2
SHP20544,Delhi,Mumbai,Rail,1925,381,4,Clear,Standard,0.9,3275.3,9.01
SHP20545,Delhi,Bangalore,Rail,1731,103,1,Clear,Standard,1.34,1843.22,8.17
SHP20546,Hyderabad,Kochi,Road,1397,418,8,Rain,Standard,2.49,3413.72,9.56
SHP20547,Mumbai,Mumbai,Road,1039,261,6,Clear,Standard,1.19,2854.8,6.95
SHP20548,Hyderabad,Delhi,Rail,469,135,6,Clear,Standard,2.04,1493.5,8.63
SHP20549,Chennai,Mumbai,Road,643,128,2,Rain,Standard,1.08,1380.44,5.98
SHP20550,Delhi,Mumbai,Air,1824,240,1,Clear,Standard,1.99,10896.76,5.6
SHP20551,Hyderabad,Coimbatore,Road,985,411,2,Clear,Standard,1.49,2732.54,7.27
SHP20552,Hyderabad,Coimbatore,Air,1157,60,4,Clear,Standard,2.22,7367.29,5.14
SHP20553,Chennai,Coimbatore,Rail,1186,387,2,Rain,Urgent,1.03,1837.85,8.26
SHP20554,Bangalore,Mumbai,Rail,381,166,1,Rain,Standard,1.51,525.77,7.6
SHP20555,Mumbai,Delhi,Air,2138,131,7,Clear,Urgent,1.58,13044.3,6.17
SHP20556,Bangalore,Kochi,Road,1843,122,8,Rain,Urgent,1.04,3989.65,7.64
SHP20557,Delhi,Pune,Road,1008,65,6,Clear,Standard,0.36,2363.52,5.95
SHP20558,Hyderabad,Mumbai,Road,154,431,4,Rain,Standard,0.23,694.4,3.28
SHP20559,Chennai,Chennai,Air,251,494,6,Clear,Standard,0.04,2174.2,3.65
SHP20560,Chennai,Delhi,Rail,1892,343,3,Clear,Standard,2.18,3033.62,9.73
SHP20561,Mumbai,Mumbai,Rail,1916,397,8,Storm,Standard,0.59,2757.5,11.18
SHP20562,Bangalore,Kochi,Road,2046,290,10,Clear,Standard,0.53,4609.02,8.26
SHP20563,Mumbai,Pune,Road,1339,440,2,Clear,Standard,1.84,2725.01,8.32
SHP20564,Hyderabad,Coimbatore,Road,959,404,5,Clear,Standard,0.8,2483.7,6.46
SHP20565,Mumbai,Delhi,Road,259,214,1,Storm,Standard,1.27,260.75,6.2
SHP20566,Chennai,Hyderabad,Rail,612,386,6,Clear,Standard,0.41,1575.5,6.17
SHP20567,Chennai,Pune,Road,1613,299,2,Clear,Urgent,2.4,3236.44,7.58
SHP20568,Delhi,Chennai,Road,820,302,4,Clear,Standard,2.13,1608.66,6.13
SHP20569,Delhi,Mumbai,Sea,678,59,6,Clear,Standard,2.16,761.75,10.09
SHP20570,Hyderabad,Kochi,Road,1678,466,10,Clear,Standard,1.02,4553.18,8.12
SHP20571,Bangalore,Hyderabad,Road,1751,208,8,Rain,Standard,1.91,4147.0,8.99
SHP20572,Mumbai,Kochi,Air,436,183,8,Storm,Standard,0.36,2625.87,5.03
SHP20573,Hyderabad,Hyderabad,Road,1985,496,6,Clear,Standard,0.02,4290.62,7.16
SHP20574,Delhi,Delhi,Rail,1154,43,4,Clear,Standard,0.05,1580.0,6.56
SHP20575,Mumbai,Hyderabad,Air,317,43,8,Clear,Standard,1.47,2791.04,2.81
SHP20576,Delhi,Chennai,Sea,1906,23,8,Clear,Urgent,1.14,1773.31,10.04
SHP20577,Mumbai,Chennai,Road,2048,342,10,Rain,Urgent,1.3,4521.08,9.36
SHP20578,Bangalore,Bangalore,Sea,1430,309,1,Clear,Standard,0.02,1873.81,9.57
SHP20579,Hyderabad,Chennai,Road,1286,460,4,Clear,Standard,1.06,3174.73,6.02
SHP20580,Mumbai,Pune,Road,623,452,4,Rain,Standard,1.8,2056.05,7.06
SHP20581,Chennai,Hyderabad,Road,98,490,7,Clear,Standard,1.11,700.23,6.38
SHP20582,Chennai,Chennai,Sea,1200,200,7,Clear,Standard,1.83,1409.59,10.78
SHP20583,Mumbai,Delhi,Road,272,267,8,Clear,Standard,0.58,1393.21,5.25
SHP20584,Mumbai,Kochi,Road,1481,135,5,Rain,Urgent,2.03,3222.29,8.83
SHP20585,Mumbai,Coimbatore,Rail,1578,298,7,Storm,Standard,1.47,2845.36,10.89
SHP20586,Chennai,Kochi,Road,1869,384,8,Clear,Standard,0.53,4460.42,7.43
SHP20587,Chennai,Bangalore,Road,1511,88,9,Storm,Standard,0.59,3156.29,8.47
SHP20588,Mumbai,Kochi,Road,1180,370,3,Clear,Standard,1.57,2793.92,8.16
SHP20589,Delhi,Hyderabad,Road,1731,273,3,Clear,Standard,2.07,4058.05,8.54
SHP20590,Delhi,Bangalore,Road,424,200,4,Clear,Urgent,1.04,1335.35,4.82
SHP20591,Bangalore,Hyderabad,Road,2170,337,5,Clear,Standard,0.65,4808.24,7.54
SHP20592,Hyderabad,Delhi,Rail,2071,188,10,Clear,Standard,2.17,2738.57,11.39
SHP20593,Delhi,Bangalore,Road,1103,332,1,Clear,Standard,1.67,2090.8,7.21
SHP20594,Chennai,Mumbai,Road,1939,268,7,Clear,Standard,1.12,3968.37,7.52
SHP20595,Delhi,Pune,Air,1873,207,9,Clear,Standard,1.22,11663.44,6.85
SHP20596,Bangalore,Pune,Road,1524,73,8,Clear,Standard,0.51,3299.42,6.67
SHP20597,Bangalore,Hyderabad,Rail,1229,345,5,Rain,Standard,1.57,1714.35,9.63
SHP20598,Hyderabad,Kochi,Road,1114,376,4,Clear,Urgent,0.9,2962.03,5.42
SHP20599,Delhi,Coimbatore,Road,2120,332,7,Clear,Standard,2.49,4467.86,9.61
SHP20600,Chennai,Coimbatore,Road,409,157,5,Clear,Standard,1.2,791.66,5.04
SHP20601,Chennai,Mumbai,Road,2091,187,7,Clear,Standard,1.21,4617.36,7.72
SHP20602,Mumbai,Bangalore,Road,1191,410,1,Rain,Urgent,1.41,3029.48,7.13
SHP20603,Chennai,Mumbai,Road,1685,122,1,Clear,Standard,2.29,4028.51,7.8
SHP20604,Hyderabad,Mumbai,Road,1453,441,10,Clear,Standard,2.0,3798.54,8.19
SHP20605,Hyderabad,Kochi,Road,1993,104,3,Rain,Standard,1.13,4579.56,9.38
SHP20606,Chennai,Coimbatore,Road,728,336,2,Clear,Standard,1.8,1525.39,5.94
SHP20607,Chennai,Bangalore,Road,56,231,2,Clear,Standard,1.47,929.83,5.72
SHP20608,Mumbai,Delhi,Road,1641,22,7,Clear,Urgent,1.23,3081.43,6.03
SHP20609,Chennai,Kochi,Road,882,403,10,Rain,Standard,0.48,2350.74,7.47
SHP20610,Mumbai,Mumbai,Rail,1860,198,2,Clear,Standard,1.16,2806.36,8.7
SHP20611,Mumbai,Mumbai,Road,963,361,4,Clear,Standard,0.61,1989.6,5.64
SHP20612,Chennai,Delhi,Air,2061,322,2,Clear,Urgent,2.29,12574.54,6.64
SHP20613,Bangalore,Mumbai,Rail,1492,471,6,Clear,Standard,0.84,2302.02,8.9
SHP20614,Bangalore,Mumbai,Road,1500,495,8,Clear,Standard,2.38,3647.94,8.74
SHP20615,Mumbai,Mumbai,Air,1552,351,10,Clear,Standard,1.33,10421.05,5.98
SHP20616,Chennai,Pune,Sea,175,57,4,Clear,Standard,1.58,333.06,8.02
SHP20617,Bangalore,Kochi,Road,866,439,5,Storm,Standard,1.36,2186.33,8.59
SHP20618,Chennai,Chennai,Road,1879,258,4,Rain,Standard,0.32,3409.12,6.87
SHP20619,Chennai,Kochi,Air,625,188,3,Clear,Standard,0.94,4187.89,3.66
SHP20620,Chennai,Delhi,Rail,1465,472,5,Rain,Standard,0.25,2701.8,9.14
SHP20621,Delhi,Mumbai,Road,979,416,9,Clear,Standard,1.56,2222.4,7.74
SHP20622,Chennai,Kochi,Road,1513,362,8,Clear,Standard,1.12,3615.06,7.36
SHP20623,Delhi,Pune,Road,882,333,8,Clear,Standard,1.94,2391.95,8.14
SHP20624,Mumbai,Coimbatore,Road,1104,325,8,Rain,Urgent,0.55,3021.65,6.43
SHP20625,Bangalore,Delhi,Rail,1698,49,8,Rain,Urgent,0.41,2350.31,7.73
SHP20626,Bangalore,Hyderabad,Road,1950,209,7,Clear,Urgent,1.02,4114.26,7.18
SHP20627,Bangalore,Kochi,Road,1507,376,8,Storm,Urgent,2.32,3518.28,10.29
SHP20628,Bangalore,Hyderabad,Rail,1449,44,8,Clear,Standard,1.78,2524.41,9.0
SHP20629,Bangalore,Mumbai,Road,492,131,8,Rain,Standard,1.05,1642.86,7.08
SHP20630,Bangalore,Pune,Road,2172,430,10,Storm,Standard,1.29,5075.66,10.39
SHP20631,Bangalore,Pune,Rail,606,454,7,Clear,Standard,0.21,1696.34,6.72
SHP20632,Mumbai,Kochi,Air,1228,225,1,Rain,Standard,2.46,7069.58,5.98
SHP20633,Chennai,Delhi,Road,2087,204,4,Clear,Standard,1.67,4695.51,8.79
SHP20634,Hyderabad,Delhi,Road,412,401,4,Clear,Urgent,0.71,1045.21,4.73
SHP20635,Delhi,Pune,Road,1307,398,5,Clear,Standard,1.46,3588.96,6.96
SHP20636,Hyderabad,Delhi,Road,1891,66,10,Clear,Standard,0.27,3925.34,7.05
SHP20637,Hyderabad,Pune,Road,1900,393,6,Storm,Urgent,2.41,4150.51,8.72
SHP20638,Chennai,Kochi,Road,960,247,4,Rain,Standard,0.44,2422.91,6.77
SHP20639,Chennai,Chennai,Road,294,58,2,Clear,Standard,1.62,874.94,5.27
SHP20640,Chennai,Pune,Road,591,35,6,Rain,Urgent,0.61,1311.92,4.0
SHP20641,Bangalore,Hyderabad,Road,1622,41,8,Storm,Standard,1.79,3653.75,8.93
SHP20642,Mumbai,Delhi,Road,173,232,8,Clear,Standard,1.94,958.64,6.25
SHP20643,Bangalore,Pune,Road,1781,329,7,Storm,Standard,1.68,4201.38,9.42
SHP20644,Mumbai,Pune,Road,835,168,6,Clear,Standard,1.54,1930.06,7.13
SHP20645,Mumbai,Kochi,Road,2093,475,2,Rain,Urgent,2.23,4809.8,9.47
SHP20646,Hyderabad,Delhi,Air,846,260,7,Clear,Standard,0.2,5971.59,4.01
SHP20647,Hyderabad,Chennai,Rail,126,291,5,Clear,Standard,0.83,294.33,5.09
SHP20648,Mumbai,Kochi,Rail,108,78,6,Clear,Standard,0.62,250.0,5.82
SHP20649,Mumbai,Chennai,Air,1573,306,10,Clear,Standard,2.47,10146.71,7.17
SHP20650,Bangalore,Coimbatore,Road,1986,445,8,Clear,Urgent,0.97,4388.44,7.28
SHP20651,Bangalore,Kochi,Road,1351,221,8,Clear,Standard,1.83,2730.05,7.81
SHP20652,Hyderabad,Delhi,Road,117,51,3,Clear,Standard,1.71,658.18,4.69
SHP20653,Chennai,Bangalore,Rail,1982,462,7,Rain,Standard,0.53,2680.2,10.18
SHP20654,Mumbai,Delhi,Rail,414,181,1,Clear,Standard,0.6,635.5,6.49
SHP20655,Bangalore,Delhi,Road,870,274,1,Clear,Urgent,0.7,2211.34,5.23
SHP20656,Hyderabad,Chennai,Road,1452,273,7,Clear,Standard,1.03,3461.37,7.26
SHP20657,Bangalore,Chennai,Road,996,28,10,Clear,Standard,0.59,2270.39,7.35
SHP20658,Mumbai,Delhi,Road,1627,484,9,Rain,Standard,0.05,3730.24,8.47
SHP20659,Mumbai,Delhi,Rail,1427,158,7,Rain,Urgent,2.2,2328.27,9.85
SHP20660,Delhi,Delhi,Rail,1489,499,10,Clear,Standard,2.41,2487.7,10.69
SHP20661,Chennai,Chennai,Road,811,29,5,Clear,Urgent,0.85,1889.58,5.79
SHP20662,Delhi,Delhi,Sea,390,233,8,Rain,Standard,0.85,794.38,10.45
SHP20663,Hyderabad,Delhi,Rail,432,292,2,Clear,Urgent,0.02,932.16,4.42
SHP20664,Bangalore,Coimbatore,Road,1053,343,9,Rain,Standard,1.7,2569.62,9.07
SHP20665,Hyderabad,Mumbai,Road,1606,67,6,Clear,Standard,2.06,3991.05,8.09
SHP20666,Mumbai,Bangalore,Road,349,455,9,Rain,Standard,0.37,1512.05,5.82
SHP20667,Delhi,Hyderabad,Road,188,130,2,Clear,Standard,0.4,493.32,3.0
SHP20668,Delhi,Bangalore,Road,408,172,3,Clear,Urgent,1.98,1141.87,5.42
SHP20669,Delhi,Mumbai,Road,885,142,8,Storm,Urgent,1.54,1984.18,7.96
SHP20670,Hyderabad,Hyderabad,Road,1572,424,1,Clear,Standard,0.11,3464.02,6.96
SHP20671,Mumbai,Kochi,Road,1677,376,10,Clear,Standard,1.56,4640.38,9.22
SHP20672,Bangalore,Delhi,Air,2032,121,7,Clear,Standard,0.77,12384.3,5.57
SHP20673,Bangalore,Mumbai,Road,1353,260,7,Clear,Urgent,0.92,3165.56,6.68
SHP20674,Hyderabad,Coimbatore,Road,958,340,1,Clear,Standard,1.92,2142.97,7.35
SHP20675,Delhi,Kochi,Road,1184,210,9,Clear,Standard,2.03,2612.09,8.15
SHP20676,Chennai,Delhi,Sea,1045,236,8,Clear,Standard,1.0,1455.57,9.97
SHP20677,Hyderabad,Chennai,Road,1287,70,4,Clear,Standard,2.37,2786.12,7.49
SHP20678,Hyderabad,Pune,Road,1834,311,10,Rain,Standard,1.02,4525.66,9.19
SHP20679,Mumbai,Mumbai,Sea,214,100,5,Clear,Standard,1.93,625.24,9.71
SHP20680,Bangalore,Chennai,Air,1048,402,2,Clear,Standard,1.21,7045.48,4.56
SHP20681,Hyderabad,Mumbai,Air,1357,107,9,Rain,Urgent,2.24,8350.5,5.27
SHP20682,Hyderabad,Coimbatore,Road,706,213,6,Clear,Standard,2.27,1973.94,6.59
SHP20683,Delhi,Mumbai,Road,1959,123,3,Clear,Standard,0.22,4300.02,6.89
SHP20684,Delhi,Chennai,Rail,2096,290,7,Clear,Standard,2.34,2975.53,9.92
SHP20685,Chennai,Coimbatore,Sea,2161,115,9,Clear,Urgent,2.06,2243.5,12.95
SHP20686,Mumbai,Hyderabad,Rail,1190,442,3,Clear,Standard,1.98,1685.77,9.74
SHP20687,Chennai,Bangalore,Rail,1939,398,2,Clear,Standard,0.5,3116.31,8.6
SHP20688,Delhi,Delhi,Road,316,217,7,Clear,Standard,2.01,1238.56,6.94
SHP20689,Bangalore,Mumbai,Air,1895,20,7,Clear,Standard,2.13,11995.59,7.19
SHP20690,Delhi,Delhi,Road,1758,426,4,Clear,Standard,0.72,3982.2,7.26
SHP20691,Mumbai,Pune,Road,1560,397,9,Clear,Urgent,2.38,3905.17,7.9
SHP20692,Delhi,Chennai,Road,525,186,8,Clear,Urgent,0.12,1744.33,5.03
SHP20693,Mumbai,Delhi,Road,1026,145,1,Rain,Standard,0.37,2029.03,6.64
SHP20694,Mumbai,Chennai,Road,1257,332,1,Clear,Standard,1.34,2621.31,6.07
SHP20695,Mumbai,Delhi,Road,1093,100,5,Clear,Urgent,1.44,2270.28,5.37
SHP20696,Mumbai,Bangalore,Rail,2010,437,6,Clear,Standard,1.61,3128.98,10.25
SHP20697,Mumbai,Bangalore,Road,607,270,3,Clear,Urgent,0.04,1344.36,3.71
SHP20698,Bangalore,Coimbatore,Rail,1067,188,9,Clear,Standard,2.4,1701.34,9.85
SHP20699,Chennai,Bangalore,Road,1655,496,10,Clear,Urgent,0.11,4326.63,7.45
SHP20700,Hyderabad,Coimbatore,Road,932,92,6,Rain,Urgent,0.36,2132.71,4.41
SHP20701,Chennai,Bangalore,Road,715,160,4,Clear,Urgent,0.04,1790.67,5.03
SHP20702,Mumbai,Bangalore,Road,1821,89,7,Storm,Standard,1.42,3829.42,9.36
SHP20703,Bangalore,Bangalore,Road,913,281,8,Clear,Standard,2.33,2204.81,8.28
SHP20704,Delhi,Chennai,Road,631,359,9,Clear,Urgent,1.66,1971.49,6.9
SHP20705,Bangalore,Mumbai,Road,744,327,6,Clear,Standard,2.06,2023.82,7.71
SHP20706,Mumbai,Coimbatore,Sea,1301,264,6,Clear,Standard,0.03,1720.6,9.52
SHP20707,Bangalore,Delhi,Road,1660,22,8,Clear,Standard,1.36,3945.2,7.88
SHP20708,Bangalore,Bangalore,Air,1289,356,5,Clear,Urgent,1.15,8145.55,4.86
SHP20709,Mumbai,Chennai,Road,448,82,3,Clear,Urgent,1.25,1290.1,4.42
SHP20710,Bangalore,Chennai,Rail,1996,68,3,Storm,Standard,0.18,2491.05,8.62
SHP20711,Hyderabad,Chennai,Air,764,95,6,Rain,Urgent,1.71,5421.69,4.29
SHP20712,Hyderabad,Coimbatore,Rail,753,387,2,Clear,Standard,1.26,1200.62,7.57
SHP20713,Bangalore,Mumbai,Road,1764,194,6,Clear,Standard,1.91,4085.26,8.0
SHP20714,Delhi,Coimbatore,Road,2022,128,6,Clear,Standard,1.21,4097.39,7.57
SHP20715,Mumbai,Delhi,Road,131,202,8,Clear,Standard,0.37,685.78,5.8
SHP20716,Hyderabad,Mumbai,Sea,653,211,7,Clear,Standard,1.62,1335.18,10.67
SHP20717,Delhi,Hyderabad,Air,2020,84,8,Clear,Urgent,0.43,12292.17,4.86
SHP20718,Bangalore,Kochi,Sea,1760,356,9,Clear,Standard,2.18,2645.85,13.15
SHP20719,Delhi,Chennai,Road,2096,470,6,Clear,Standard,1.53,4823.68,8.69
SHP20720,Chennai,Coimbatore,Rail,952,493,3,Storm,Urgent,0.39,2030.23,8.38
SHP20721,Hyderabad,Hyderabad,Sea,414,290,10,Rain,Standard,2.41,982.84,12.05
SHP20722,Bangalore,Pune,Road,212,119,3,Storm,Urgent,1.3,750.36,5.9
SHP20723,Mumbai,Coimbatore,Road,1913,51,1,Clear,Standard,0.18,3550.37,5.73
SHP20724,Bangalore,Bangalore,Rail,165,371,5,Clear,Urgent,1.57,605.19,7.51
SHP20725,Mumbai,Kochi,Rail,930,147,4,Clear,Standard,0.63,1780.29,7.49
SHP20726,Bangalore,Bangalore,Air,889,471,9,Clear,Urgent,2.01,6104.57,4.39
SHP20727,Delhi,Mumbai,Road,1396,421,9,Clear,Standard,2.04,3520.61,8.35
SHP20728,Delhi,Kochi,Air,1086,388,5,Rain,Standard,2.45,6750.34,6.62
SHP20729,Delhi,Coimbatore,Road,992,358,10,Clear,Urgent,1.25,2521.81,6.44
SHP20730,Chennai,Delhi,Road,1774,62,4,Clear,Standard,1.14,4024.56,7.71
SHP20731,Mumbai,Hyderabad,Road,1187,391,7,Clear,Standard,1.88,2650.24,7.99
SHP20732,Delhi,Delhi,Air,71,438,6,Clear,Standard,0.33,1318.97,2.21
SHP20733,Chennai,Coimbatore,Rail,1799,97,4,Clear,Standard,1.37,2610.44,8.85
SHP20734,Mumbai,Mumbai,Road,732,333,10,Clear,Standard,1.37,2054.71,7.39
SHP20735,Bangalore,Bangalore,Road,1883,308,2,Clear,Standard,0.22,4043.22,6.47
SHP20736,Chennai,Kochi,Air,175,289,1,Clear,Standard,1.04,1294.59,2.67
SHP20737,Hyderabad,Delhi,Road,326,181,4,Storm,Standard,2.13,854.41,8.12
SHP20738,Chennai,Coimbatore,Air,2049,208,4,Clear,Standard,2.14,12905.64,7.93
SHP20739,Chennai,Delhi,Road,1277,266,1,Rain,Standard,0.25,2720.39,6.53
SHP20740,Mumbai,Coimbatore,Road,745,407,6,Clear,Standard,0.23,2518.2,6.31
SHP20741,Bangalore,Bangalore,Road,1359,235,4,Clear,Standard,0.66,3144.38,6.1
SHP20742,Hyderabad,Kochi,Road,106,334,1,Clear,Standard,2.19,403.53,5.93
SHP20743,Delhi,Hyderabad,Rail,68,432,1,Clear,Urgent,0.32,755.54,5.04
SHP20744,Delhi,Bangalore,Road,162,358,1,Clear,Standard,1.8,837.17,5.73
SHP20745,Chennai,Delhi,Road,591,409,8,Rain,Standard,0.25,1416.56,6.58
SHP20746,Mumbai,Hyderabad,Air,628,396,10,Rain,Standard,1.56,4314.78,5.62
SHP20747,Mumbai,Coimbatore,Road,1138,500,8,Clear,Standard,0.89,2977.14,7.55
SHP20748,Delhi,Hyderabad,Road,74,452,2,Clear,Standard,1.97,250.0,5.07
SHP20749,Hyderabad,Coimbatore,Sea,1622,187,7,Rain,Standard,0.58,2330.28,10.47
SHP20750,Bangalore,Bangalore,Rail,2098,358,8,Clear,Standard,1.6,3535.16,11.74
SHP20751,Hyderabad,Delhi,Road,1622,212,8,Clear,Standard,0.59,3711.47,6.89
SHP20752,Bangalore,Mumbai,Sea,190,472,10,Clear,Standard,1.78,694.92,10.83
SHP20753,Delhi,Delhi,Rail,1817,302,7,Rain,Standard,2.18,2728.98,12.19
SHP20754,Bangalore,Coimbatore,Road,697,355,5,Storm,Standard,0.32,1397.49,5.75
SHP20755,Mumbai,Chennai,Road,250,409,1,Clear,Standard,2.17,469.88,6.85
SHP20756,Chennai,Kochi,Air,306,32,9,Rain,Urgent,1.48,2663.08,4.7
SHP20757,Chennai,Pune,Rail,596,259,7,Rain,Standard,0.32,1646.3,8.48
SHP20758,Delhi,Mumbai,Road,851,339,2,Clear,Standard,1.07,1933.16,5.36
SHP20759,Mumbai,Hyderabad,Air,991,465,6,Clear,Urgent,0.4,6917.75,4.6
SHP20760,Hyderabad,Mumbai,Air,463,166,2,Clear,Standard,1.75,3165.51,3.68
SHP20761,Mumbai,Kochi,Road,2064,223,1,Storm,Standard,1.9,4519.77,10.46
SHP20762,Chennai,Hyderabad,Road,1431,99,7,Clear,Urgent,0.26,2839.81,5.67
SHP20763,Chennai,Kochi,Road,1148,398,2,Rain,Urgent,1.27,2272.16,7.24
SHP20764,Mumbai,Hyderabad,Rail,959,62,2,Clear,Standard,2.04,1668.15,8.26
SHP20765,Mumbai,Mumbai,Road,237,477,5,Rain,Standard,2.34,583.48,6.65
SHP20766,Chennai,Hyderabad,Rail,2065,108,5,Clear,Standard,1.28,2919.65,7.77
SHP20767,Hyderabad,Hyderabad,Air,1363,167,7,Clear,Urgent,2.38,8523.12,6.12
SHP20768,Delhi,Chennai,Air,2142,114,1,Rain,Standard,1.34,12903.06,6.44
SHP20769,Delhi,Delhi,Road,2180,471,8,Rain,Standard,0.99,5142.51,9.65
SHP20770,Mumbai,Delhi,Air,1196,447,3,Rain,Urgent,2.12,7625.65,5.99
SHP20771,Delhi,Pune,Road,407,170,4,Clear,Standard,1.23,1205.93,6.65
SHP20772,Chennai,Pune,Air,1601,21,9,Rain,Standard,1.18,9980.44,6.6
SHP20773,Chennai,Coimbatore,Road,1139,395,4,Clear,Standard,1.23,3298.18,6.65
SHP20774,Mumbai,Coimbatore,Road,1730,41,10,Clear,Standard,2.12,3500.55,9.03
SHP20775,Mumbai,Coimbatore,Air,211,390,5,Clear,Urgent,2.08,1896.82,3.9
SHP20776,Mumbai,Chennai,Road,499,332,7,Clear,Standard,1.01,1649.64,6.09
SHP20777,Hyderabad,Pune,Road,1547,347,4,Clear,Urgent,0.83,3482.2,5.75
SHP20778,Delhi,Kochi,Rail,1086,26,1,Storm,Standard,1.23,1135.93,9.03
SHP20779,Mumbai,Coimbatore,Rail,2000,225,9,Clear,Standard,1.43,3431.78,9.93
SHP20780,Bangalore,Coimbatore,Rail,1363,459,4,Rain,Urgent,0.6,2409.23,7.66
SHP20781,Bangalore,Mumbai,Rail,1288,394,9,Clear,Standard,1.98,2027.28,11.05
SHP20782,Chennai,Bangalore,Road,1023,470,6,Clear,Standard,1.22,2788.67,6.47
SHP20783,Delhi,Kochi,Road,681,133,1,Clear,Standard,0.84,1942.09,5.12
SHP20784,Mumbai,Coimbatore,Road,1640,291,3,Storm,Urgent,0.27,3637.82,6.94
SHP20785,Bangalore,Coimbatore,Road,1100,102,2,Rain,Standard,0.6,2361.25,6.42
SHP20786,Delhi,Coimbatore,Sea,1638,198,9,Rain,Standard,2.37,2290.1,12.58
SHP20787,Chennai,Bangalore,Rail,1743,229,1,Storm,Standard,0.76,2264.4,10.26
SHP20788,Hyderabad,Bangalore,Road,486,483,9,Clear,Standard,0.42,2153.59,7.01
SHP20789,Delhi,Chennai,Road,1606,347,9,Clear,Urgent,1.15,4082.53,6.96
SHP20790,Delhi,Kochi,Sea,1126,143,8,Rain,Standard,0.77,1141.0,11.41
SHP20791,Hyderabad,Chennai,Road,1354,500,8,Clear,Standard,0.09,3270.93,6.49
SHP20792,Delhi,Hyderabad,Rail,2128,132,1,Clear,Standard,0.81,2789.0,9.48
SHP20793,Chennai,Bangalore,Road,232,31,8,Clear,Standard,1.36,313.51,6.9
SHP20794,Chennai,Mumbai,Rail,1519,145,10,Clear,Urgent,1.38,2520.32,8.73
SHP20795,Hyderabad,Pune,Road,1529,72,3,Clear,Standard,0.89,3008.06,5.7
SHP20796,Mumbai,Mumbai,Air,1639,350,7,Clear,Urgent,1.12,10555.64,5.92
SHP20797,Bangalore,Pune,Sea,1637,408,1,Clear,Standard,2.41,1409.96,12.08
SHP20798,Mumbai,Bangalore,Rail,709,302,1,Clear,Standard,0.94,1459.25,7.28
SHP20799,Delhi,Bangalore,Rail,209,159,10,Clear,Urgent,0.65,949.21,6.08
SHP20800,Bangalore,Bangalore,Sea,1061,420,5,Clear,Standard,0.61,1184.43,9.34
